2026/09/26 15:32:10.834, 7106, 10
2026/09/26 15:32:10.935, 7106, 186
2026/09/26 15:32:11.035, 7106, 484
2026/09/26 15:32:11.136, 7106, 782
2026/09/26 15:32:11.236, 7106, 1064
2026/09/26 15:32:11.337, 7106, 1120
2026/09/26 15:32:11.437, 7106, 1120
2026/09/26 15:32:11.538, 7106, 1142
2026/09/26 15:32:11.638, 7106, 1156
2026/09/26 15:32:11.739, 7106, 1176
2026/09/26 15:32:11.839, 7106, 1176
2026/09/26 15:32:11.940, 7106, 1182
2026/09/26 15:32:12.040, 7106, 1186
2026/09/26 15:32:12.141, 7106, 1186
2026/09/26 15:32:12.241, 7106, 1186
2026/09/26 15:32:12.342, 7106, 1186
2026/09/26 15:32:12.442, 7106, 1186
2026/09/26 15:32:12.543, 7106, 1186
2026/09/26 15:32:12.643, 7106, 1186
2026/09/26 15:32:12.744, 7106, 1186
2026/09/26 15:32:12.845, 7106, 1186
2026/09/26 15:32:12.945, 7106, 1186
2026/09/26 15:32:13.046, 7106, 1186
2026/09/26 15:32:13.146, 7106, 1186
2026/09/26 15:32:13.247, 7106, 1186
2026/09/26 15:32:13.347, 7106, 1186
2026/09/26 15:32:13.448, 7106, 1186
2026/09/26 15:32:13.548, 7106, 1186
2026/09/26 15:32:13.649, 7106, 1186
2026/09/26 15:32:13.749, 7106, 1186
2026/09/26 15:32:13.850, 7106, 1186
2026/09/26 15:32:13.950, 7106, 1186
2026/09/26 15:32:14.051, 7106, 1186
2026/09/26 15:32:14.151, 7106, 1186
2026/09/26 15:32:14.252, 7106, 1186
2026/09/26 15:32:14.352, 7106, 1186
2026/09/26 15:32:14.453, 7106, 1186
2026/09/26 15:32:14.553, 7106, 1186
2026/09/26 15:32:14.654, 7106, 1186
2026/09/26 15:32:14.754, 7106, 1186
2026/09/26 15:32:14.855, 7106, 1186
2026/09/26 15:32:14.955, 7106, 1186
2026/09/26 15:32:15.056, 7106, 1186
2026/09/26 15:32:15.156, 7106, 1186
2026/09/26 15:32:15.257, 7106, 1186
2026/09/26 15:32:15.357, 7106, 1186
2026/09/26 15:32:15.458, 7106, 1186
2026/09/26 15:32:15.558, 7106, 1186
2026/09/26 15:32:15.659, 7106, 1186
2026/09/26 15:32:15.759, 7106, 1186
2026/09/26 15:32:15.860, 7106, 1186
2026/09/26 15:32:15.960, 7106, 1186
2026/09/26 15:32:16.061, 7106, 1186
2026/09/26 15:32:16.161, 7106, 1186
2026/09/26 15:32:16.262, 7106, 1186
2026/09/26 15:32:16.362, 7106, 1186
2026/09/26 15:32:16.463, 7106, 1186
2026/09/26 15:32:16.563, 7106, 1186
2026/09/26 15:32:16.664, 7106, 1186
2026/09/26 15:32:16.764, 7106, 1186
2026/09/26 15:32:16.865, 7106, 1186
2026/09/26 15:32:16.965, 7106, 1186
2026/09/26 15:32:17.066, 7106, 1186
2026/09/26 15:32:17.166, 7106, 1186
2026/09/26 15:32:17.267, 7106, 1186
2026/09/26 15:32:17.368, 7106, 1186
2026/09/26 15:32:17.468, 7106, 1186
2026/09/26 15:32:17.569, 7106, 1186
2026/09/26 15:32:17.669, 7106, 1186
2026/09/26 15:32:17.770, 7106, 1186
2026/09/26 15:32:17.870, 7106, 1186
2026/09/26 15:32:17.971, 7106, 1186
2026/09/26 15:32:18.071, 7106, 1186
2026/09/26 15:32:18.172, 7106, 1186
2026/09/26 15:32:18.272, 7106, 1186
2026/09/26 15:32:18.373, 7106, 1186
2026/09/26 15:32:18.473, 7106, 1186
2026/09/26 15:32:18.574, 7106, 1186
2026/09/26 15:32:18.674, 7106, 1186
2026/09/26 15:32:18.775, 7106, 1186
2026/09/26 15:32:18.875, 7106, 1186
2026/09/26 15:32:18.976, 7106, 1186
2026/09/26 15:32:19.076, 7106, 1186
2026/09/26 15:32:19.177, 7106, 1186
2026/09/26 15:32:19.277, 7106, 1186
2026/09/26 15:32:19.378, 7106, 1186
2026/09/26 15:32:19.478, 7106, 1186
2026/09/26 15:32:19.579, 7106, 1186
2026/09/26 15:32:19.679, 7106, 1186
2026/09/26 15:32:19.780, 7106, 1186
2026/09/26 15:32:19.880, 7106, 1186
2026/09/26 15:32:19.981, 7106, 1186
2026/09/26 15:32:20.081, 7106, 1186
2026/09/26 15:32:20.182, 7106, 1186
2026/09/26 15:32:20.282, 7106, 1186
2026/09/26 15:32:20.383, 7106, 1186
2026/09/26 15:32:20.483, 7106, 1186
2026/09/26 15:32:20.584, 7106, 1186
2026/09/26 15:32:20.684, 7106, 1186
2026/09/26 15:32:20.785, 7106, 1186
2026/09/26 15:32:20.885, 7106, 1186
2026/09/26 15:32:20.986, 7106, 1186
2026/09/26 15:32:21.086, 7106, 1186
2026/09/26 15:32:21.187, 7106, 1186
2026/09/26 15:32:21.287, 7106, 1186
2026/09/26 15:32:21.388, 7106, 1186
2026/09/26 15:32:21.488, 7106, 1186
2026/09/26 15:32:21.589, 7106, 1186
2026/09/26 15:32:21.689, 7106, 1186
2026/09/26 15:32:21.790, 7106, 1186
2026/09/26 15:32:21.890, 7106, 1186
2026/09/26 15:32:21.991, 7106, 1186
2026/09/26 15:32:22.091, 7106, 1186
2026/09/26 15:32:22.192, 7106, 1186
2026/09/26 15:32:22.292, 7106, 1186
2026/09/26 15:32:22.393, 7106, 1186
2026/09/26 15:32:22.493, 7106, 1186
2026/09/26 15:32:22.594, 7106, 1186
2026/09/26 15:32:22.694, 7106, 1186
2026/09/26 15:32:22.795, 7106, 1186
2026/09/26 15:32:22.895, 7106, 1186
2026/09/26 15:32:22.996, 7106, 1186
2026/09/26 15:32:23.096, 7106, 1186
2026/09/26 15:32:23.197, 7106, 1186
2026/09/26 15:32:23.297, 7106, 1186
2026/09/26 15:32:23.398, 7106, 1186
2026/09/26 15:32:23.498, 7106, 1186
2026/09/26 15:32:23.599, 7106, 1186
2026/09/26 15:32:23.699, 7106, 1186
2026/09/26 15:32:23.800, 7106, 1186
2026/09/26 15:32:23.900, 7106, 1186
2026/09/26 15:32:24.001, 7106, 1186
2026/09/26 15:32:24.101, 7106, 1186
2026/09/26 15:32:24.202, 7106, 1186
2026/09/26 15:32:24.302, 7106, 1186
2026/09/26 15:32:24.403, 7106, 1186
2026/09/26 15:32:24.503, 7106, 1186
2026/09/26 15:32:24.604, 7106, 1186
2026/09/26 15:32:24.705, 7106, 1186
2026/09/26 15:32:24.805, 7106, 1186
2026/09/26 15:32:24.906, 7106, 1186
2026/09/26 15:32:25.006, 7106, 1186
2026/09/26 15:32:25.107, 7106, 1186
2026/09/26 15:32:25.207, 7106, 1186
2026/09/26 15:32:25.308, 7106, 1186
2026/09/26 15:32:25.408, 7106, 1186
2026/09/26 15:32:25.509, 7106, 1186
2026/09/26 15:32:25.609, 7106, 1186
2026/09/26 15:32:25.710, 7106, 1186
2026/09/26 15:32:25.810, 7106, 1186
2026/09/26 15:32:25.911, 7106, 1186
2026/09/26 15:32:26.011, 7106, 1186
2026/09/26 15:32:26.112, 7106, 1186
2026/09/26 15:32:26.212, 7106, 1186
2026/09/26 15:32:26.313, 7106, 1186
2026/09/26 15:32:26.413, 7106, 1186
2026/09/26 15:32:26.514, 7106, 1186
2026/09/26 15:32:26.614, 7106, 1186
2026/09/26 15:32:26.715, 7106, 1186
2026/09/26 15:32:26.815, 7106, 1186
2026/09/26 15:32:26.916, 7106, 1186
2026/09/26 15:32:27.016, 7106, 1186
2026/09/26 15:32:27.117, 7106, 1186
2026/09/26 15:32:27.217, 7106, 1186
2026/09/26 15:32:27.318, 7106, 1186
2026/09/26 15:32:27.418, 7106, 1186
2026/09/26 15:32:27.519, 7106, 1186
2026/09/26 15:32:27.619, 7106, 1186
2026/09/26 15:32:27.720, 7106, 1186
2026/09/26 15:32:27.820, 7106, 1186
2026/09/26 15:32:27.921, 7106, 1186
2026/09/26 15:32:28.021, 7106, 1186
2026/09/26 15:32:28.122, 7106, 1186
2026/09/26 15:32:28.222, 7106, 1186
2026/09/26 15:32:28.323, 7106, 1186
2026/09/26 15:32:28.423, 7106, 1186
2026/09/26 15:32:28.524, 7106, 1186
2026/09/26 15:32:28.624, 7106, 1186
2026/09/26 15:32:28.725, 7106, 1186
2026/09/26 15:32:28.825, 7106, 1186
2026/09/26 15:32:28.926, 7106, 1186
2026/09/26 15:32:29.026, 7106, 1186
2026/09/26 15:32:29.127, 7106, 1186
2026/09/26 15:32:29.227, 7106, 1186
2026/09/26 15:32:29.328, 7106, 1186
2026/09/26 15:32:29.428, 7106, 1186
2026/09/26 15:32:29.529, 7106, 1186
2026/09/26 15:32:29.629, 7106, 1186
2026/09/26 15:32:29.730, 7106, 1186
2026/09/26 15:32:29.831, 7106, 1186
2026/09/26 15:32:29.931, 7106, 1186
2026/09/26 15:32:30.032, 7106, 1186
2026/09/26 15:32:30.132, 7106, 1186
2026/09/26 15:32:30.233, 7106, 1186
2026/09/26 15:32:30.333, 7106, 1186
2026/09/26 15:32:30.434, 7106, 1186
2026/09/26 15:32:30.534, 7106, 1186
2026/09/26 15:32:30.635, 7106, 1186
2026/09/26 15:32:30.735, 7106, 1186
2026/09/26 15:32:30.836, 7106, 1186
2026/09/26 15:32:30.936, 7106, 1186
2026/09/26 15:32:31.037, 7106, 1186
2026/09/26 15:32:31.137, 7106, 1186
2026/09/26 15:32:31.238, 7106, 1186
2026/09/26 15:32:31.338, 7106, 1186
2026/09/26 15:32:31.439, 7106, 1186
2026/09/26 15:32:31.539, 7106, 1186
2026/09/26 15:32:31.640, 7106, 1186
2026/09/26 15:32:31.740, 7106, 1186
2026/09/26 15:32:31.841, 7106, 1186
2026/09/26 15:32:31.941, 7106, 1186
2026/09/26 15:32:32.041, 7106, 1186
2026/09/26 15:32:32.142, 7106, 1186
2026/09/26 15:32:32.242, 7106, 1186
2026/09/26 15:32:32.343, 7106, 1186
2026/09/26 15:32:32.443, 7106, 1186
2026/09/26 15:32:32.544, 7106, 1186
2026/09/26 15:32:32.645, 7106, 1186
2026/09/26 15:32:32.745, 7106, 1186
2026/09/26 15:32:32.846, 7106, 1186
2026/09/26 15:32:32.946, 7106, 1186
2026/09/26 15:32:33.047, 7106, 1186
2026/09/26 15:32:33.147, 7106, 1186
2026/09/26 15:32:33.248, 7106, 1186
2026/09/26 15:32:33.348, 7106, 1186
2026/09/26 15:32:33.449, 7106, 1186
2026/09/26 15:32:33.549, 7106, 1186
2026/09/26 15:32:33.650, 7106, 1186
2026/09/26 15:32:33.750, 7106, 1186
2026/09/26 15:32:33.851, 7106, 1186
2026/09/26 15:32:33.951, 7106, 1186
2026/09/26 15:32:34.051, 7106, 1186
2026/09/26 15:32:34.152, 7106, 1186
2026/09/26 15:32:34.252, 7106, 1186
2026/09/26 15:32:34.353, 7106, 1186
2026/09/26 15:32:34.453, 7106, 1186
2026/09/26 15:32:34.554, 7106, 1186
2026/09/26 15:32:34.655, 7106, 1186
2026/09/26 15:32:34.755, 7106, 1186
2026/09/26 15:32:34.856, 7106, 1186
2026/09/26 15:32:34.956, 7106, 1186
2026/09/26 15:32:35.057, 7106, 1186
2026/09/26 15:32:35.157, 7106, 1186
2026/09/26 15:32:35.258, 7106, 1186
2026/09/26 15:32:35.358, 7106, 1186
2026/09/26 15:32:35.459, 7106, 1186
2026/09/26 15:32:35.559, 7106, 1186
2026/09/26 15:32:35.660, 7106, 1186
2026/09/26 15:32:35.760, 7106, 1186
2026/09/26 15:32:35.861, 7106, 1186
2026/09/26 15:32:35.961, 7106, 1186
2026/09/26 15:32:36.062, 7106, 1186
2026/09/26 15:32:36.162, 7106, 1186
2026/09/26 15:32:36.263, 7106, 1186
2026/09/26 15:32:36.363, 7106, 1186
2026/09/26 15:32:36.464, 7106, 1186
2026/09/26 15:32:36.564, 7106, 1186
2026/09/26 15:32:36.665, 7106, 1186
2026/09/26 15:32:36.766, 7106, 1186
2026/09/26 15:32:36.866, 7106, 1186
2026/09/26 15:32:36.967, 7106, 1186
2026/09/26 15:32:37.067, 7106, 1186
2026/09/26 15:32:37.167, 7106, 1186
2026/09/26 15:32:37.268, 7106, 1186
2026/09/26 15:32:37.368, 7106, 1186
2026/09/26 15:32:37.469, 7106, 1186
2026/09/26 15:32:37.570, 7106, 1186
2026/09/26 15:32:37.670, 7106, 1186
2026/09/26 15:32:37.771, 7106, 1186
2026/09/26 15:32:37.871, 7106, 1186
2026/09/26 15:32:37.972, 7106, 1186
2026/09/26 15:32:38.072, 7106, 1186
2026/09/26 15:32:38.173, 7106, 1186
2026/09/26 15:32:38.273, 7106, 1186
2026/09/26 15:32:38.374, 7106, 1186
2026/09/26 15:32:38.474, 7106, 1186
2026/09/26 15:32:38.575, 7106, 1186
2026/09/26 15:32:38.675, 7106, 1186
2026/09/26 15:32:38.776, 7106, 1186
2026/09/26 15:32:38.876, 7106, 1186
2026/09/26 15:32:38.977, 7106, 1186
2026/09/26 15:32:39.077, 7106, 1186
2026/09/26 15:32:39.178, 7106, 1186
2026/09/26 15:32:39.278, 7106, 1186
2026/09/26 15:32:39.379, 7106, 1186
2026/09/26 15:32:39.479, 7106, 1186
2026/09/26 15:32:39.580, 7106, 1186
2026/09/26 15:32:39.680, 7106, 1186
2026/09/26 15:32:39.781, 7106, 1186
2026/09/26 15:32:39.881, 7106, 1186
2026/09/26 15:32:39.982, 7106, 1186
2026/09/26 15:32:40.082, 7106, 1186
2026/09/26 15:32:40.183, 7106, 1186
2026/09/26 15:32:40.283, 7106, 1186
2026/09/26 15:32:40.384, 7106, 1186
2026/09/26 15:32:40.484, 7106, 1186
2026/09/26 15:32:40.585, 7106, 1186
2026/09/26 15:32:40.685, 7106, 1186
2026/09/26 15:32:40.786, 7106, 1186
2026/09/26 15:32:40.886, 7106, 1186
2026/09/26 15:32:40.987, 7106, 1186
2026/09/26 15:32:41.087, 7106, 1186
2026/09/26 15:32:41.188, 7106, 1186
2026/09/26 15:32:41.288, 7106, 1186
2026/09/26 15:32:41.389, 7106, 1186
2026/09/26 15:32:41.489, 7106, 1186
2026/09/26 15:32:41.590, 7106, 1186
2026/09/26 15:32:41.690, 7106, 1186
2026/09/26 15:32:41.791, 7106, 1186
2026/09/26 15:32:41.891, 7106, 1186
2026/09/26 15:32:41.992, 7106, 1186
2026/09/26 15:32:42.092, 7106, 1186
2026/09/26 15:32:42.193, 7106, 1186
2026/09/26 15:32:42.294, 7106, 1186
2026/09/26 15:32:42.394, 7106, 1186
2026/09/26 15:32:42.495, 7106, 1186
2026/09/26 15:32:42.595, 7106, 1186
2026/09/26 15:32:42.696, 7106, 1186
2026/09/26 15:32:42.796, 7106, 1186
2026/09/26 15:32:42.897, 7106, 1186
2026/09/26 15:32:42.997, 7106, 1186
2026/09/26 15:32:43.098, 7106, 1186
2026/09/26 15:32:43.198, 7106, 1186
2026/09/26 15:32:43.299, 7106, 1186
2026/09/26 15:32:43.399, 7106, 1186
2026/09/26 15:32:43.500, 7106, 1186
2026/09/26 15:32:43.600, 7106, 1186
2026/09/26 15:32:43.701, 7106, 1186
2026/09/26 15:32:43.801, 7106, 1186
2026/09/26 15:32:43.902, 7106, 1186
2026/09/26 15:32:44.003, 7106, 1186
2026/09/26 15:32:44.103, 7106, 1186
2026/09/26 15:32:44.204, 7106, 1186
2026/09/26 15:32:44.304, 7106, 1186
2026/09/26 15:32:44.405, 7106, 1186
2026/09/26 15:32:44.505, 7106, 1186
2026/09/26 15:32:44.606, 7106, 1186
2026/09/26 15:32:44.706, 7106, 1186
2026/09/26 15:32:44.807, 7106, 1186
2026/09/26 15:32:44.907, 7106, 1186
2026/09/26 15:32:45.008, 7106, 1186
2026/09/26 15:32:45.108, 7106, 1186
2026/09/26 15:32:45.209, 7106, 1186
2026/09/26 15:32:45.309, 7106, 1186
2026/09/26 15:32:45.410, 7106, 1186
2026/09/26 15:32:45.511, 7106, 1186
2026/09/26 15:32:45.611, 7106, 1186
2026/09/26 15:32:45.712, 7106, 1186
2026/09/26 15:32:45.812, 7106, 1186
2026/09/26 15:32:45.913, 7106, 1186
2026/09/26 15:32:46.013, 7106, 1186
2026/09/26 15:32:46.114, 7106, 1186
2026/09/26 15:32:46.214, 7106, 1186
2026/09/26 15:32:46.315, 7106, 1186
2026/09/26 15:32:46.415, 7106, 1186
2026/09/26 15:32:46.516, 7106, 1186
2026/09/26 15:32:46.616, 7106, 1186
2026/09/26 15:32:46.717, 7106, 1186
2026/09/26 15:32:46.817, 7106, 1186
2026/09/26 15:32:46.918, 7106, 1186
2026/09/26 15:32:47.018, 7106, 1186
2026/09/26 15:32:47.119, 7106, 1186
2026/09/26 15:32:47.219, 7106, 1186
2026/09/26 15:32:47.320, 7106, 1186
2026/09/26 15:32:47.420, 7106, 1186
2026/09/26 15:32:47.521, 7106, 1186
2026/09/26 15:32:47.622, 7106, 1186
2026/09/26 15:32:47.722, 7106, 1186
2026/09/26 15:32:47.823, 7106, 1186
2026/09/26 15:32:47.923, 7106, 1186
2026/09/26 15:32:48.024, 7106, 1186
2026/09/26 15:32:48.124, 7106, 1186
2026/09/26 15:32:48.225, 7106, 1186
2026/09/26 15:32:48.325, 7106, 1186
2026/09/26 15:32:48.427, 7106, 1186
