2026/09/26 15:33:09.172, 7179, 186
2026/09/26 15:33:09.273, 7179, 186
2026/09/26 15:33:09.373, 7179, 186
2026/09/26 15:33:09.474, 7179, 186
2026/09/26 15:33:09.574, 7179, 186
2026/09/26 15:33:09.675, 7179, 186
2026/09/26 15:33:09.776, 7179, 186
2026/09/26 15:33:09.876, 7179, 644
2026/09/26 15:33:09.977, 7179, 644
2026/09/26 15:33:10.077, 7179, 644
2026/09/26 15:33:10.178, 7179, 644
2026/09/26 15:33:10.278, 7179, 644
2026/09/26 15:33:10.378, 7179, 912
2026/09/26 15:33:10.479, 7179, 1338
2026/09/26 15:33:10.579, 7179, 1520
2026/09/26 15:33:10.680, 7179, 1520
2026/09/26 15:33:10.780, 7179, 1520
2026/09/26 15:33:10.881, 7179, 1588
2026/09/26 15:33:10.981, 7179, 1588
2026/09/26 15:33:11.082, 7179, 1588
2026/09/26 15:33:11.182, 7179, 1588
2026/09/26 15:33:11.283, 7179, 1588
2026/09/26 15:33:11.383, 7179, 1588
2026/09/26 15:33:11.484, 7179, 1588
2026/09/26 15:33:11.584, 7179, 1228
2026/09/26 15:33:11.685, 7179, 1228
2026/09/26 15:33:11.785, 7179, 1228
2026/09/26 15:33:11.886, 7179, 1232
2026/09/26 15:33:11.987, 7179, 1232
2026/09/26 15:33:12.087, 7179, 1232
2026/09/26 15:33:12.188, 7179, 1246
2026/09/26 15:33:12.289, 7179, 1248
2026/09/26 15:33:12.389, 7179, 1248
2026/09/26 15:33:12.490, 7179, 1254
2026/09/26 15:33:12.591, 7179, 1258
2026/09/26 15:33:12.691, 7179, 1258
2026/09/26 15:33:12.792, 7179, 1258
2026/09/26 15:33:12.892, 7179, 1258
2026/09/26 15:33:12.993, 7179, 1258
2026/09/26 15:33:13.094, 7179, 1258
2026/09/26 15:33:13.194, 7179, 1258
2026/09/26 15:33:13.295, 7179, 1258
2026/09/26 15:33:13.396, 7179, 1258
2026/09/26 15:33:13.496, 7179, 1258
2026/09/26 15:33:13.597, 7179, 1258
2026/09/26 15:33:13.698, 7179, 1258
2026/09/26 15:33:13.798, 7179, 1258
2026/09/26 15:33:13.899, 7179, 1258
2026/09/26 15:33:14.000, 7179, 1258
2026/09/26 15:33:14.100, 7179, 1258
2026/09/26 15:33:14.201, 7179, 1258
2026/09/26 15:33:14.302, 7179, 1258
2026/09/26 15:33:14.402, 7179, 1258
2026/09/26 15:33:14.503, 7179, 1258
2026/09/26 15:33:14.603, 7179, 1258
2026/09/26 15:33:14.704, 7179, 1258
2026/09/26 15:33:14.804, 7179, 1258
2026/09/26 15:33:14.905, 7179, 1258
2026/09/26 15:33:15.005, 7179, 1258
2026/09/26 15:33:15.106, 7179, 1258
2026/09/26 15:33:15.206, 7179, 1258
2026/09/26 15:33:15.307, 7179, 1258
2026/09/26 15:33:15.407, 7179, 1258
2026/09/26 15:33:15.508, 7179, 1258
2026/09/26 15:33:15.608, 7179, 1258
2026/09/26 15:33:15.709, 7179, 1258
2026/09/26 15:33:15.809, 7179, 1258
2026/09/26 15:33:15.910, 7179, 1258
2026/09/26 15:33:16.010, 7179, 1258
2026/09/26 15:33:16.111, 7179, 1258
2026/09/26 15:33:16.211, 7179, 1258
2026/09/26 15:33:16.312, 7179, 1258
2026/09/26 15:33:16.412, 7179, 1258
2026/09/26 15:33:16.513, 7179, 1258
2026/09/26 15:33:16.613, 7179, 1258
2026/09/26 15:33:16.713, 7179, 1258
2026/09/26 15:33:16.814, 7179, 1258
2026/09/26 15:33:16.914, 7179, 1258
2026/09/26 15:33:17.015, 7179, 1258
2026/09/26 15:33:17.115, 7179, 1258
2026/09/26 15:33:17.216, 7179, 1258
2026/09/26 15:33:17.316, 7179, 1258
2026/09/26 15:33:17.417, 7179, 1258
2026/09/26 15:33:17.517, 7179, 1258
2026/09/26 15:33:17.618, 7179, 1258
2026/09/26 15:33:17.718, 7179, 1258
2026/09/26 15:33:17.819, 7179, 1258
2026/09/26 15:33:17.919, 7179, 1258
2026/09/26 15:33:18.020, 7179, 1258
2026/09/26 15:33:18.120, 7179, 1258
2026/09/26 15:33:18.221, 7179, 1258
2026/09/26 15:33:18.321, 7179, 1258
2026/09/26 15:33:18.422, 7179, 1258
2026/09/26 15:33:18.522, 7179, 1258
2026/09/26 15:33:18.623, 7179, 1258
2026/09/26 15:33:18.723, 7179, 1258
2026/09/26 15:33:18.824, 7179, 1258
2026/09/26 15:33:18.924, 7179, 1258
2026/09/26 15:33:19.025, 7179, 1258
2026/09/26 15:33:19.125, 7179, 1258
2026/09/26 15:33:19.226, 7179, 1258
2026/09/26 15:33:19.326, 7179, 1258
2026/09/26 15:33:19.427, 7179, 1258
2026/09/26 15:33:19.527, 7179, 1258
2026/09/26 15:33:19.628, 7179, 1258
2026/09/26 15:33:19.728, 7179, 1258
2026/09/26 15:33:19.829, 7179, 1258
2026/09/26 15:33:19.929, 7179, 1258
2026/09/26 15:33:20.030, 7179, 1258
2026/09/26 15:33:20.130, 7179, 1258
2026/09/26 15:33:20.231, 7179, 1258
2026/09/26 15:33:20.331, 7179, 1258
2026/09/26 15:33:20.432, 7179, 1258
2026/09/26 15:33:20.532, 7179, 1258
2026/09/26 15:33:20.633, 7179, 1258
2026/09/26 15:33:20.733, 7179, 1258
2026/09/26 15:33:20.834, 7179, 1258
2026/09/26 15:33:20.934, 7179, 1258
2026/09/26 15:33:21.035, 7179, 1258
2026/09/26 15:33:21.135, 7179, 1258
2026/09/26 15:33:21.236, 7179, 1258
2026/09/26 15:33:21.336, 7179, 1258
2026/09/26 15:33:21.437, 7179, 1258
2026/09/26 15:33:21.537, 7179, 1258
2026/09/26 15:33:21.638, 7179, 1258
2026/09/26 15:33:21.738, 7179, 1258
2026/09/26 15:33:21.838, 7179, 1258
2026/09/26 15:33:21.939, 7179, 1258
2026/09/26 15:33:22.039, 7179, 1258
2026/09/26 15:33:22.140, 7179, 1258
2026/09/26 15:33:22.240, 7179, 1258
2026/09/26 15:33:22.341, 7179, 1258
2026/09/26 15:33:22.441, 7179, 1258
2026/09/26 15:33:22.542, 7179, 1258
2026/09/26 15:33:22.642, 7179, 1258
2026/09/26 15:33:22.742, 7179, 1258
2026/09/26 15:33:22.843, 7179, 1258
2026/09/26 15:33:22.943, 7179, 1258
2026/09/26 15:33:23.044, 7179, 1258
2026/09/26 15:33:23.144, 7179, 1258
2026/09/26 15:33:23.245, 7179, 1258
2026/09/26 15:33:23.345, 7179, 1258
2026/09/26 15:33:23.446, 7179, 1258
2026/09/26 15:33:23.546, 7179, 1258
2026/09/26 15:33:23.646, 7179, 1258
2026/09/26 15:33:23.747, 7179, 1258
2026/09/26 15:33:23.847, 7179, 1258
2026/09/26 15:33:23.948, 7179, 1258
2026/09/26 15:33:24.048, 7179, 1258
2026/09/26 15:33:24.149, 7179, 1258
2026/09/26 15:33:24.249, 7179, 1258
2026/09/26 15:33:24.350, 7179, 1258
2026/09/26 15:33:24.450, 7179, 1258
2026/09/26 15:33:24.551, 7179, 1258
2026/09/26 15:33:24.651, 7179, 1258
2026/09/26 15:33:24.752, 7179, 1258
2026/09/26 15:33:24.852, 7179, 1258
2026/09/26 15:33:24.953, 7179, 1258
2026/09/26 15:33:25.053, 7179, 1258
2026/09/26 15:33:25.154, 7179, 1258
2026/09/26 15:33:25.254, 7179, 1258
2026/09/26 15:33:25.355, 7179, 1258
2026/09/26 15:33:25.455, 7179, 1258
2026/09/26 15:33:25.556, 7179, 1258
2026/09/26 15:33:25.656, 7179, 1258
2026/09/26 15:33:25.757, 7179, 1258
2026/09/26 15:33:25.857, 7179, 1258
2026/09/26 15:33:25.958, 7179, 1258
2026/09/26 15:33:26.058, 7179, 1258
2026/09/26 15:33:26.158, 7179, 1258
2026/09/26 15:33:26.259, 7179, 1258
2026/09/26 15:33:26.359, 7179, 1258
2026/09/26 15:33:26.460, 7179, 1258
2026/09/26 15:33:26.560, 7179, 1258
2026/09/26 15:33:26.661, 7179, 1258
2026/09/26 15:33:26.761, 7179, 1258
2026/09/26 15:33:26.862, 7179, 1258
2026/09/26 15:33:26.962, 7179, 1258
2026/09/26 15:33:27.063, 7179, 1258
2026/09/26 15:33:27.163, 7179, 1258
2026/09/26 15:33:27.264, 7179, 1258
2026/09/26 15:33:27.364, 7179, 1258
2026/09/26 15:33:27.465, 7179, 1258
2026/09/26 15:33:27.565, 7179, 1258
2026/09/26 15:33:27.666, 7179, 1258
2026/09/26 15:33:27.766, 7179, 1258
2026/09/26 15:33:27.867, 7179, 1258
2026/09/26 15:33:27.967, 7179, 1258
2026/09/26 15:33:28.068, 7179, 1258
2026/09/26 15:33:28.168, 7179, 1258
2026/09/26 15:33:28.269, 7179, 1258
2026/09/26 15:33:28.369, 7179, 1258
2026/09/26 15:33:28.470, 7179, 1258
2026/09/26 15:33:28.570, 7179, 1258
2026/09/26 15:33:28.671, 7179, 1258
2026/09/26 15:33:28.771, 7179, 1258
2026/09/26 15:33:28.872, 7179, 1258
2026/09/26 15:33:28.972, 7179, 1258
2026/09/26 15:33:29.073, 7179, 1258
2026/09/26 15:33:29.173, 7179, 1258
2026/09/26 15:33:29.273, 7179, 1258
2026/09/26 15:33:29.374, 7179, 1258
2026/09/26 15:33:29.474, 7179, 1258
2026/09/26 15:33:29.575, 7179, 1258
2026/09/26 15:33:29.675, 7179, 1258
2026/09/26 15:33:29.776, 7179, 1258
2026/09/26 15:33:29.876, 7179, 1258
2026/09/26 15:33:29.977, 7179, 1258
2026/09/26 15:33:30.077, 7179, 1258
2026/09/26 15:33:30.178, 7179, 1258
2026/09/26 15:33:30.278, 7179, 1258
2026/09/26 15:33:30.379, 7179, 1258
2026/09/26 15:33:30.479, 7179, 1258
2026/09/26 15:33:30.580, 7179, 1258
2026/09/26 15:33:30.680, 7179, 1258
2026/09/26 15:33:30.781, 7179, 1258
2026/09/26 15:33:30.881, 7179, 1258
2026/09/26 15:33:30.982, 7179, 1258
2026/09/26 15:33:31.082, 7179, 1258
2026/09/26 15:33:31.183, 7179, 1258
2026/09/26 15:33:31.283, 7179, 1258
2026/09/26 15:33:31.384, 7179, 1258
2026/09/26 15:33:31.484, 7179, 1258
2026/09/26 15:33:31.585, 7179, 1258
2026/09/26 15:33:31.685, 7179, 1258
2026/09/26 15:33:31.786, 7179, 1258
2026/09/26 15:33:31.886, 7179, 1258
2026/09/26 15:33:31.987, 7179, 1258
2026/09/26 15:33:32.087, 7179, 1258
2026/09/26 15:33:32.188, 7179, 1258
2026/09/26 15:33:32.288, 7179, 1258
2026/09/26 15:33:32.389, 7179, 1258
2026/09/26 15:33:32.489, 7179, 1258
2026/09/26 15:33:32.590, 7179, 1258
2026/09/26 15:33:32.690, 7179, 1258
2026/09/26 15:33:32.791, 7179, 1258
2026/09/26 15:33:32.891, 7179, 1258
2026/09/26 15:33:32.992, 7179, 1258
2026/09/26 15:33:33.092, 7179, 1258
2026/09/26 15:33:33.193, 7179, 1258
2026/09/26 15:33:33.293, 7179, 1258
2026/09/26 15:33:33.394, 7179, 1258
2026/09/26 15:33:33.494, 7179, 1258
2026/09/26 15:33:33.595, 7179, 1258
2026/09/26 15:33:33.695, 7179, 1258
2026/09/26 15:33:33.795, 7179, 1258
2026/09/26 15:33:33.896, 7179, 1258
2026/09/26 15:33:33.996, 7179, 1258
2026/09/26 15:33:34.097, 7179, 1258
2026/09/26 15:33:34.197, 7179, 1258
2026/09/26 15:33:34.298, 7179, 1258
2026/09/26 15:33:34.398, 7179, 1258
2026/09/26 15:33:34.499, 7179, 1258
2026/09/26 15:33:34.599, 7179, 1258
2026/09/26 15:33:34.700, 7179, 1258
2026/09/26 15:33:34.800, 7179, 1258
2026/09/26 15:33:34.901, 7179, 1258
2026/09/26 15:33:35.001, 7179, 1258
2026/09/26 15:33:35.102, 7179, 1258
2026/09/26 15:33:35.202, 7179, 1258
2026/09/26 15:33:35.303, 7179, 1258
2026/09/26 15:33:35.403, 7179, 1258
2026/09/26 15:33:35.504, 7179, 1258
2026/09/26 15:33:35.604, 7179, 1258
2026/09/26 15:33:35.705, 7179, 1258
2026/09/26 15:33:35.805, 7179, 1258
2026/09/26 15:33:35.906, 7179, 1258
2026/09/26 15:33:36.006, 7179, 1258
2026/09/26 15:33:36.106, 7179, 1258
2026/09/26 15:33:36.207, 7179, 1258
2026/09/26 15:33:36.307, 7179, 1258
2026/09/26 15:33:36.408, 7179, 1258
2026/09/26 15:33:36.508, 7179, 1258
2026/09/26 15:33:36.609, 7179, 1258
2026/09/26 15:33:36.709, 7179, 1258
2026/09/26 15:33:36.810, 7179, 1258
2026/09/26 15:33:36.910, 7179, 1258
2026/09/26 15:33:37.011, 7179, 1258
2026/09/26 15:33:37.111, 7179, 1258
2026/09/26 15:33:37.212, 7179, 1258
2026/09/26 15:33:37.312, 7179, 1258
2026/09/26 15:33:37.413, 7179, 1258
2026/09/26 15:33:37.513, 7179, 1258
2026/09/26 15:33:37.614, 7179, 1258
2026/09/26 15:33:37.714, 7179, 1258
2026/09/26 15:33:37.815, 7179, 1258
2026/09/26 15:33:37.915, 7179, 1258
2026/09/26 15:33:38.016, 7179, 1258
2026/09/26 15:33:38.116, 7179, 1258
2026/09/26 15:33:38.217, 7179, 1258
2026/09/26 15:33:38.317, 7179, 1258
2026/09/26 15:33:38.417, 7179, 1258
2026/09/26 15:33:38.518, 7179, 1258
2026/09/26 15:33:38.618, 7179, 1258
2026/09/26 15:33:38.719, 7179, 1258
2026/09/26 15:33:38.819, 7179, 1258
2026/09/26 15:33:38.920, 7179, 1258
2026/09/26 15:33:39.020, 7179, 1258
2026/09/26 15:33:39.121, 7179, 1258
2026/09/26 15:33:39.221, 7179, 1258
2026/09/26 15:33:39.322, 7179, 1258
2026/09/26 15:33:39.422, 7179, 1258
2026/09/26 15:33:39.523, 7179, 1258
2026/09/26 15:33:39.623, 7179, 1258
2026/09/26 15:33:39.724, 7179, 1258
2026/09/26 15:33:39.824, 7179, 1258
2026/09/26 15:33:39.925, 7179, 1258
2026/09/26 15:33:40.025, 7179, 1258
2026/09/26 15:33:40.126, 7179, 1258
2026/09/26 15:33:40.226, 7179, 1258
2026/09/26 15:33:40.326, 7179, 1258
2026/09/26 15:33:40.427, 7179, 1258
2026/09/26 15:33:40.527, 7179, 1258
2026/09/26 15:33:40.628, 7179, 1258
2026/09/26 15:33:40.728, 7179, 1258
2026/09/26 15:33:40.829, 7179, 1258
2026/09/26 15:33:40.929, 7179, 1258
2026/09/26 15:33:41.030, 7179, 1258
2026/09/26 15:33:41.130, 7179, 1258
2026/09/26 15:33:41.231, 7179, 1258
2026/09/26 15:33:41.331, 7179, 1258
2026/09/26 15:33:41.432, 7179, 1258
2026/09/26 15:33:41.532, 7179, 1258
2026/09/26 15:33:41.633, 7179, 1258
2026/09/26 15:33:41.733, 7179, 1258
2026/09/26 15:33:41.834, 7179, 1258
2026/09/26 15:33:41.934, 7179, 1258
2026/09/26 15:33:42.034, 7179, 1258
2026/09/26 15:33:42.135, 7179, 1258
2026/09/26 15:33:42.235, 7179, 1258
2026/09/26 15:33:42.336, 7179, 1258
2026/09/26 15:33:42.436, 7179, 1258
2026/09/26 15:33:42.537, 7179, 1258
2026/09/26 15:33:42.637, 7179, 1258
2026/09/26 15:33:42.738, 7179, 1258
2026/09/26 15:33:42.838, 7179, 1258
2026/09/26 15:33:42.939, 7179, 1258
2026/09/26 15:33:43.039, 7179, 1258
2026/09/26 15:33:43.140, 7179, 1258
2026/09/26 15:33:43.240, 7179, 1258
2026/09/26 15:33:43.341, 7179, 1258
2026/09/26 15:33:43.441, 7179, 1258
2026/09/26 15:33:43.542, 7179, 1258
2026/09/26 15:33:43.642, 7179, 1258
2026/09/26 15:33:43.743, 7179, 1258
2026/09/26 15:33:43.843, 7179, 1258
2026/09/26 15:33:43.944, 7179, 1258
2026/09/26 15:33:44.044, 7179, 1258
2026/09/26 15:33:44.145, 7179, 1258
2026/09/26 15:33:44.245, 7179, 1258
2026/09/26 15:33:44.346, 7179, 1258
2026/09/26 15:33:44.446, 7179, 1258
2026/09/26 15:33:44.547, 7179, 1258
2026/09/26 15:33:44.647, 7179, 1258
2026/09/26 15:33:44.748, 7179, 1258
2026/09/26 15:33:44.848, 7179, 1258
2026/09/26 15:33:44.948, 7179, 1258
2026/09/26 15:33:45.049, 7179, 1258
2026/09/26 15:33:45.149, 7179, 1258
2026/09/26 15:33:45.250, 7179, 1258
2026/09/26 15:33:45.350, 7179, 1258
2026/09/26 15:33:45.451, 7179, 1258
2026/09/26 15:33:45.551, 7179, 1258
2026/09/26 15:33:45.652, 7179, 1258
2026/09/26 15:33:45.752, 7179, 1258
2026/09/26 15:33:45.853, 7179, 1258
2026/09/26 15:33:45.953, 7179, 1258
2026/09/26 15:33:46.054, 7179, 1258
2026/09/26 15:33:46.154, 7179, 1258
2026/09/26 15:33:46.255, 7179, 1258
2026/09/26 15:33:46.355, 7179, 1258
2026/09/26 15:33:46.456, 7179, 1258
2026/09/26 15:33:46.556, 7179, 1258
2026/09/26 15:33:46.657, 7179, 1258
2026/09/26 15:33:46.757, 7179, 1258
2026/09/26 15:33:46.858, 7179, 1258
2026/09/26 15:33:46.958, 7179, 1258
2026/09/26 15:33:47.059, 7179, 1258
2026/09/26 15:33:47.159, 7179, 1258
2026/09/26 15:33:47.260, 7179, 1258
2026/09/26 15:33:47.360, 7179, 1258
2026/09/26 15:33:47.461, 7179, 1258
2026/09/26 15:33:47.561, 7179, 1258
2026/09/26 15:33:47.663, 7179, 1258
2026/09/26 15:33:47.764, 7179, 1258
2026/09/26 15:33:47.864, 7179, 1258
2026/09/26 15:33:47.965, 7179, 1258
2026/09/26 15:33:48.065, 7179, 1258
2026/09/26 15:33:48.166, 7179, 1258
2026/09/26 15:33:48.266, 7179, 1258
2026/09/26 15:33:48.367, 7179, 1258
2026/09/26 15:33:48.467, 7179, 1258
2026/09/26 15:33:48.568, 7179, 1258
2026/09/26 15:33:48.668, 7179, 1258
2026/09/26 15:33:48.769, 7179, 1258
2026/09/26 15:33:48.869, 7179, 1258
2026/09/26 15:33:48.970, 7179, 1258
2026/09/26 15:33:49.071, 7179, 1258
2026/09/26 15:33:49.171, 7179, 1258
2026/09/26 15:33:49.272, 7179, 1258
2026/09/26 15:33:49.372, 7179, 1258
2026/09/26 15:33:49.472, 7179, 1258
2026/09/26 15:33:49.573, 7179, 1258
2026/09/26 15:33:49.674, 7179, 1258
2026/09/26 15:33:49.774, 7179, 1258
2026/09/26 15:33:49.874, 7179, 1258
2026/09/26 15:33:49.975, 7179, 1258
2026/09/26 15:33:50.075, 7179, 1258
2026/09/26 15:33:50.176, 7179, 1258
2026/09/26 15:33:50.277, 7179, 1258
