2026/09/26 15:38:34.348, 19828, 10
2026/09/26 15:38:34.449, 19828, 348
2026/09/26 15:38:34.550, 19828, 720
2026/09/26 15:38:34.650, 19828, 1064
2026/09/26 15:38:34.751, 19828, 1120
2026/09/26 15:38:34.851, 19828, 1140
2026/09/26 15:38:34.952, 19828, 1156
2026/09/26 15:38:35.052, 19828, 1176
2026/09/26 15:38:35.152, 19828, 1180
2026/09/26 15:38:35.253, 19828, 1184
2026/09/26 15:38:35.353, 19828, 1184
2026/09/26 15:38:35.454, 19828, 1184
2026/09/26 15:38:35.554, 19828, 1184
2026/09/26 15:38:35.655, 19828, 1184
2026/09/26 15:38:35.755, 19828, 1184
2026/09/26 15:38:35.856, 19828, 1184
2026/09/26 15:38:35.956, 19828, 1184
2026/09/26 15:38:36.057, 19828, 1184
2026/09/26 15:38:36.157, 19828, 1184
2026/09/26 15:38:36.258, 19828, 1184
2026/09/26 15:38:36.358, 19828, 1184
2026/09/26 15:38:36.459, 19828, 1184
2026/09/26 15:38:36.559, 19828, 1184
2026/09/26 15:38:36.660, 19828, 1184
2026/09/26 15:38:36.760, 19828, 1184
2026/09/26 15:38:36.861, 19828, 1184
2026/09/26 15:38:36.961, 19828, 1184
2026/09/26 15:38:37.062, 19828, 1184
2026/09/26 15:38:37.162, 19828, 1184
2026/09/26 15:38:37.263, 19828, 1184
2026/09/26 15:38:37.363, 19828, 1184
2026/09/26 15:38:37.464, 19828, 1184
2026/09/26 15:38:37.564, 19828, 1184
2026/09/26 15:38:37.665, 19828, 1184
2026/09/26 15:38:37.765, 19828, 1184
2026/09/26 15:38:37.866, 19828, 1184
2026/09/26 15:38:37.966, 19828, 1184
2026/09/26 15:38:38.067, 19828, 1184
2026/09/26 15:38:38.167, 19828, 1184
2026/09/26 15:38:38.268, 19828, 1184
2026/09/26 15:38:38.368, 19828, 1184
2026/09/26 15:38:38.469, 19828, 1184
2026/09/26 15:38:38.569, 19828, 1184
2026/09/26 15:38:38.670, 19828, 1184
2026/09/26 15:38:38.770, 19828, 1184
2026/09/26 15:38:38.871, 19828, 1184
2026/09/26 15:38:38.971, 19828, 1184
2026/09/26 15:38:39.072, 19828, 1184
2026/09/26 15:38:39.172, 19828, 1184
2026/09/26 15:38:39.273, 19828, 1184
2026/09/26 15:38:39.373, 19828, 1184
2026/09/26 15:38:39.474, 19828, 1184
2026/09/26 15:38:39.574, 19828, 1184
2026/09/26 15:38:39.675, 19828, 1184
2026/09/26 15:38:39.775, 19828, 1184
2026/09/26 15:38:39.876, 19828, 1184
2026/09/26 15:38:39.976, 19828, 1186
2026/09/26 15:38:40.077, 19828, 1186
2026/09/26 15:38:40.177, 19828, 1186
2026/09/26 15:38:40.278, 19828, 1186
2026/09/26 15:38:40.378, 19828, 1186
2026/09/26 15:38:40.478, 19828, 1186
2026/09/26 15:38:40.579, 19828, 1186
2026/09/26 15:38:40.679, 19828, 1186
2026/09/26 15:38:40.780, 19828, 1186
2026/09/26 15:38:40.880, 19828, 1186
2026/09/26 15:38:40.981, 19828, 1186
2026/09/26 15:38:41.081, 19828, 1186
2026/09/26 15:38:41.182, 19828, 1186
2026/09/26 15:38:41.282, 19828, 1186
2026/09/26 15:38:41.383, 19828, 1186
2026/09/26 15:38:41.483, 19828, 1186
2026/09/26 15:38:41.584, 19828, 1186
2026/09/26 15:38:41.684, 19828, 1186
2026/09/26 15:38:41.785, 19828, 1186
2026/09/26 15:38:41.885, 19828, 1186
2026/09/26 15:38:41.986, 19828, 1186
2026/09/26 15:38:42.086, 19828, 1186
2026/09/26 15:38:42.187, 19828, 1186
2026/09/26 15:38:42.287, 19828, 1186
2026/09/26 15:38:42.388, 19828, 1186
2026/09/26 15:38:42.488, 19828, 1186
2026/09/26 15:38:42.589, 19828, 1186
2026/09/26 15:38:42.689, 19828, 1186
2026/09/26 15:38:42.790, 19828, 1186
2026/09/26 15:38:42.890, 19828, 1186
2026/09/26 15:38:42.991, 19828, 1186
2026/09/26 15:38:43.091, 19828, 1186
2026/09/26 15:38:43.192, 19828, 1186
2026/09/26 15:38:43.292, 19828, 1186
2026/09/26 15:38:43.393, 19828, 1186
2026/09/26 15:38:43.493, 19828, 1186
2026/09/26 15:38:43.594, 19828, 1186
2026/09/26 15:38:43.694, 19828, 1186
2026/09/26 15:38:43.795, 19828, 1186
2026/09/26 15:38:43.895, 19828, 1186
2026/09/26 15:38:43.996, 19828, 1186
2026/09/26 15:38:44.096, 19828, 1186
2026/09/26 15:38:44.197, 19828, 1186
2026/09/26 15:38:44.297, 19828, 1186
2026/09/26 15:38:44.398, 19828, 1186
2026/09/26 15:38:44.498, 19828, 1186
2026/09/26 15:38:44.599, 19828, 1186
2026/09/26 15:38:44.699, 19828, 1186
2026/09/26 15:38:44.800, 19828, 1186
2026/09/26 15:38:44.900, 19828, 1186
2026/09/26 15:38:45.001, 19828, 1186
2026/09/26 15:38:45.101, 19828, 1186
2026/09/26 15:38:45.202, 19828, 1186
2026/09/26 15:38:45.302, 19828, 1186
2026/09/26 15:38:45.403, 19828, 1186
2026/09/26 15:38:45.503, 19828, 1186
2026/09/26 15:38:45.604, 19828, 1186
2026/09/26 15:38:45.704, 19828, 1186
2026/09/26 15:38:45.804, 19828, 1186
2026/09/26 15:38:45.905, 19828, 1186
2026/09/26 15:38:46.005, 19828, 1186
2026/09/26 15:38:46.106, 19828, 1186
2026/09/26 15:38:46.206, 19828, 1186
2026/09/26 15:38:46.307, 19828, 1186
2026/09/26 15:38:46.407, 19828, 1186
2026/09/26 15:38:46.508, 19828, 1186
2026/09/26 15:38:46.608, 19828, 1186
2026/09/26 15:38:46.709, 19828, 1186
2026/09/26 15:38:46.809, 19828, 1186
2026/09/26 15:38:46.910, 19828, 1186
2026/09/26 15:38:47.010, 19828, 1186
2026/09/26 15:38:47.111, 19828, 1186
2026/09/26 15:38:47.211, 19828, 1186
2026/09/26 15:38:47.312, 19828, 1186
2026/09/26 15:38:47.412, 19828, 1186
2026/09/26 15:38:47.513, 19828, 1186
2026/09/26 15:38:47.613, 19828, 1186
2026/09/26 15:38:47.714, 19828, 1186
2026/09/26 15:38:47.814, 19828, 1186
2026/09/26 15:38:47.915, 19828, 1186
2026/09/26 15:38:48.015, 19828, 1186
2026/09/26 15:38:48.116, 19828, 1186
2026/09/26 15:38:48.216, 19828, 1186
2026/09/26 15:38:48.317, 19828, 1186
2026/09/26 15:38:48.417, 19828, 1186
2026/09/26 15:38:48.518, 19828, 1186
2026/09/26 15:38:48.618, 19828, 1186
2026/09/26 15:38:48.719, 19828, 1186
2026/09/26 15:38:48.819, 19828, 1186
2026/09/26 15:38:48.919, 19828, 1186
2026/09/26 15:38:49.020, 19828, 1186
2026/09/26 15:38:49.120, 19828, 1186
2026/09/26 15:38:49.221, 19828, 1186
2026/09/26 15:38:49.321, 19828, 1186
2026/09/26 15:38:49.422, 19828, 1186
2026/09/26 15:38:49.522, 19828, 1186
2026/09/26 15:38:49.623, 19828, 1186
2026/09/26 15:38:49.723, 19828, 1186
2026/09/26 15:38:49.824, 19828, 1186
2026/09/26 15:38:49.924, 19828, 1186
2026/09/26 15:38:50.025, 19828, 1186
2026/09/26 15:38:50.125, 19828, 1186
2026/09/26 15:38:50.226, 19828, 1186
2026/09/26 15:38:50.326, 19828, 1186
2026/09/26 15:38:50.427, 19828, 1186
2026/09/26 15:38:50.527, 19828, 1186
2026/09/26 15:38:50.628, 19828, 1186
2026/09/26 15:38:50.728, 19828, 1186
2026/09/26 15:38:50.829, 19828, 1186
2026/09/26 15:38:50.929, 19828, 1186
2026/09/26 15:38:51.030, 19828, 1186
2026/09/26 15:38:51.130, 19828, 1186
2026/09/26 15:38:51.230, 19828, 1186
2026/09/26 15:38:51.331, 19828, 1186
2026/09/26 15:38:51.431, 19828, 1186
2026/09/26 15:38:51.532, 19828, 1186
2026/09/26 15:38:51.632, 19828, 1186
2026/09/26 15:38:51.733, 19828, 1186
2026/09/26 15:38:51.833, 19828, 1186
2026/09/26 15:38:51.934, 19828, 1186
2026/09/26 15:38:52.034, 19828, 1186
2026/09/26 15:38:52.135, 19828, 1186
2026/09/26 15:38:52.235, 19828, 1186
2026/09/26 15:38:52.336, 19828, 1186
2026/09/26 15:38:52.436, 19828, 1186
2026/09/26 15:38:52.537, 19828, 1186
2026/09/26 15:38:52.637, 19828, 1186
2026/09/26 15:38:52.738, 19828, 1186
2026/09/26 15:38:52.838, 19828, 1186
2026/09/26 15:38:52.939, 19828, 1186
2026/09/26 15:38:53.039, 19828, 1186
2026/09/26 15:38:53.140, 19828, 1186
2026/09/26 15:38:53.240, 19828, 1186
2026/09/26 15:38:53.341, 19828, 1186
2026/09/26 15:38:53.441, 19828, 1186
2026/09/26 15:38:53.542, 19828, 1186
2026/09/26 15:38:53.642, 19828, 1186
2026/09/26 15:38:53.743, 19828, 1186
2026/09/26 15:38:53.843, 19828, 1186
2026/09/26 15:38:53.944, 19828, 1186
2026/09/26 15:38:54.044, 19828, 1186
2026/09/26 15:38:54.145, 19828, 1186
2026/09/26 15:38:54.245, 19828, 1186
2026/09/26 15:38:54.346, 19828, 1186
2026/09/26 15:38:54.446, 19828, 1186
2026/09/26 15:38:54.547, 19828, 1186
2026/09/26 15:38:54.647, 19828, 1186
2026/09/26 15:38:54.748, 19828, 1186
2026/09/26 15:38:54.848, 19828, 1186
2026/09/26 15:38:54.949, 19828, 1186
2026/09/26 15:38:55.049, 19828, 1186
2026/09/26 15:38:55.150, 19828, 1186
2026/09/26 15:38:55.250, 19828, 1186
2026/09/26 15:38:55.351, 19828, 1186
2026/09/26 15:38:55.451, 19828, 1186
2026/09/26 15:38:55.552, 19828, 1186
2026/09/26 15:38:55.652, 19828, 1186
2026/09/26 15:38:55.752, 19828, 1186
2026/09/26 15:38:55.853, 19828, 1186
2026/09/26 15:38:55.953, 19828, 1186
2026/09/26 15:38:56.054, 19828, 1186
2026/09/26 15:38:56.154, 19828, 1186
2026/09/26 15:38:56.255, 19828, 1186
2026/09/26 15:38:56.355, 19828, 1186
2026/09/26 15:38:56.456, 19828, 1186
2026/09/26 15:38:56.556, 19828, 1186
2026/09/26 15:38:56.657, 19828, 1186
2026/09/26 15:38:56.757, 19828, 1186
2026/09/26 15:38:56.858, 19828, 1186
2026/09/26 15:38:56.958, 19828, 1186
2026/09/26 15:38:57.059, 19828, 1186
2026/09/26 15:38:57.159, 19828, 1186
2026/09/26 15:38:57.260, 19828, 1186
2026/09/26 15:38:57.360, 19828, 1186
2026/09/26 15:38:57.461, 19828, 1186
2026/09/26 15:38:57.561, 19828, 1186
2026/09/26 15:38:57.662, 19828, 1186
2026/09/26 15:38:57.762, 19828, 1186
2026/09/26 15:38:57.863, 19828, 1186
2026/09/26 15:38:57.963, 19828, 1186
2026/09/26 15:38:58.064, 19828, 1186
2026/09/26 15:38:58.164, 19828, 1186
2026/09/26 15:38:58.265, 19828, 1186
2026/09/26 15:38:58.365, 19828, 1186
2026/09/26 15:38:58.466, 19828, 1186
2026/09/26 15:38:58.566, 19828, 1186
2026/09/26 15:38:58.667, 19828, 1186
2026/09/26 15:38:58.767, 19828, 1186
2026/09/26 15:38:58.868, 19828, 1186
2026/09/26 15:38:58.968, 19828, 1186
2026/09/26 15:38:59.069, 19828, 1186
2026/09/26 15:38:59.169, 19828, 1186
2026/09/26 15:38:59.270, 19828, 1186
2026/09/26 15:38:59.370, 19828, 1186
2026/09/26 15:38:59.471, 19828, 1186
2026/09/26 15:38:59.571, 19828, 1186
2026/09/26 15:38:59.672, 19828, 1186
2026/09/26 15:38:59.772, 19828, 1186
2026/09/26 15:38:59.873, 19828, 1186
2026/09/26 15:38:59.973, 19828, 1186
2026/09/26 15:39:00.074, 19828, 1186
2026/09/26 15:39:00.174, 19828, 1186
2026/09/26 15:39:00.275, 19828, 1186
2026/09/26 15:39:00.375, 19828, 1186
2026/09/26 15:39:00.476, 19828, 1186
2026/09/26 15:39:00.576, 19828, 1186
2026/09/26 15:39:00.677, 19828, 1186
2026/09/26 15:39:00.777, 19828, 1186
2026/09/26 15:39:00.878, 19828, 1186
2026/09/26 15:39:00.978, 19828, 1186
2026/09/26 15:39:01.079, 19828, 1186
2026/09/26 15:39:01.179, 19828, 1186
2026/09/26 15:39:01.280, 19828, 1186
2026/09/26 15:39:01.380, 19828, 1186
2026/09/26 15:39:01.481, 19828, 1186
2026/09/26 15:39:01.581, 19828, 1186
2026/09/26 15:39:01.682, 19828, 1186
2026/09/26 15:39:01.782, 19828, 1186
2026/09/26 15:39:01.883, 19828, 1186
2026/09/26 15:39:01.983, 19828, 1186
2026/09/26 15:39:02.084, 19828, 1186
2026/09/26 15:39:02.184, 19828, 1186
2026/09/26 15:39:02.285, 19828, 1186
2026/09/26 15:39:02.386, 19828, 1186
2026/09/26 15:39:02.486, 19828, 1186
2026/09/26 15:39:02.587, 19828, 1186
2026/09/26 15:39:02.687, 19828, 1186
2026/09/26 15:39:02.788, 19828, 1186
2026/09/26 15:39:02.888, 19828, 1186
2026/09/26 15:39:02.989, 19828, 1186
2026/09/26 15:39:03.089, 19828, 1186
2026/09/26 15:39:03.190, 19828, 1186
2026/09/26 15:39:03.290, 19828, 1186
2026/09/26 15:39:03.391, 19828, 1186
2026/09/26 15:39:03.491, 19828, 1186
2026/09/26 15:39:03.592, 19828, 1186
2026/09/26 15:39:03.692, 19828, 1186
2026/09/26 15:39:03.792, 19828, 1186
2026/09/26 15:39:03.893, 19828, 1186
2026/09/26 15:39:03.993, 19828, 1186
2026/09/26 15:39:04.094, 19828, 1186
2026/09/26 15:39:04.194, 19828, 1186
2026/09/26 15:39:04.295, 19828, 1186
2026/09/26 15:39:04.395, 19828, 1186
2026/09/26 15:39:04.496, 19828, 1186
2026/09/26 15:39:04.596, 19828, 1186
2026/09/26 15:39:04.697, 19828, 1186
2026/09/26 15:39:04.797, 19828, 1186
2026/09/26 15:39:04.898, 19828, 1186
2026/09/26 15:39:04.998, 19828, 1186
2026/09/26 15:39:05.099, 19828, 1186
2026/09/26 15:39:05.199, 19828, 1186
2026/09/26 15:39:05.300, 19828, 1186
2026/09/26 15:39:05.400, 19828, 1186
2026/09/26 15:39:05.501, 19828, 1186
2026/09/26 15:39:05.601, 19828, 1186
2026/09/26 15:39:05.702, 19828, 1186
2026/09/26 15:39:05.802, 19828, 1186
2026/09/26 15:39:05.903, 19828, 1186
2026/09/26 15:39:06.003, 19828, 1186
2026/09/26 15:39:06.104, 19828, 1186
2026/09/26 15:39:06.204, 19828, 1186
2026/09/26 15:39:06.305, 19828, 1186
2026/09/26 15:39:06.405, 19828, 1186
2026/09/26 15:39:06.506, 19828, 1186
2026/09/26 15:39:06.606, 19828, 1186
2026/09/26 15:39:06.707, 19828, 1186
2026/09/26 15:39:06.807, 19828, 1186
2026/09/26 15:39:06.908, 19828, 1186
2026/09/26 15:39:07.008, 19828, 1186
2026/09/26 15:39:07.109, 19828, 1186
2026/09/26 15:39:07.209, 19828, 1186
2026/09/26 15:39:07.310, 19828, 1186
2026/09/26 15:39:07.410, 19828, 1186
2026/09/26 15:39:07.510, 19828, 1186
2026/09/26 15:39:07.611, 19828, 1186
2026/09/26 15:39:07.711, 19828, 1186
2026/09/26 15:39:07.812, 19828, 1186
2026/09/26 15:39:07.912, 19828, 1186
2026/09/26 15:39:08.013, 19828, 1186
2026/09/26 15:39:08.113, 19828, 1186
2026/09/26 15:39:08.214, 19828, 1186
2026/09/26 15:39:08.314, 19828, 1186
2026/09/26 15:39:08.415, 19828, 1186
2026/09/26 15:39:08.515, 19828, 1186
2026/09/26 15:39:08.616, 19828, 1186
2026/09/26 15:39:08.716, 19828, 1186
2026/09/26 15:39:08.817, 19828, 1186
2026/09/26 15:39:08.917, 19828, 1186
2026/09/26 15:39:09.018, 19828, 1186
2026/09/26 15:39:09.118, 19828, 1186
2026/09/26 15:39:09.219, 19828, 1186
2026/09/26 15:39:09.319, 19828, 1186
2026/09/26 15:39:09.420, 19828, 1186
2026/09/26 15:39:09.520, 19828, 1186
2026/09/26 15:39:09.621, 19828, 1186
2026/09/26 15:39:09.721, 19828, 1186
2026/09/26 15:39:09.822, 19828, 1186
2026/09/26 15:39:09.922, 19828, 1186
2026/09/26 15:39:10.023, 19828, 1186
2026/09/26 15:39:10.123, 19828, 1186
2026/09/26 15:39:10.224, 19828, 1186
