2026/09/26 15:27:25.626, 6742, 208
2026/09/26 15:27:25.726, 6742, 214
2026/09/26 15:27:25.827, 6742, 238
2026/09/26 15:27:25.927, 6742, 240
2026/09/26 15:27:26.028, 6742, 264
2026/09/26 15:27:26.128, 6742, 268
2026/09/26 15:27:26.229, 6742, 290
2026/09/26 15:27:26.329, 6742, 294
2026/09/26 15:27:26.430, 6742, 298
2026/09/26 15:27:26.530, 6742, 320
2026/09/26 15:27:26.631, 6742, 324
2026/09/26 15:27:26.731, 6742, 346
2026/09/26 15:27:26.832, 6742, 350
2026/09/26 15:27:26.932, 6742, 352
2026/09/26 15:27:27.033, 6742, 492
2026/09/26 15:27:27.133, 6742, 802
2026/09/26 15:27:27.234, 6742, 956
2026/09/26 15:27:27.334, 6742, 980
2026/09/26 15:27:27.435, 6742, 980
2026/09/26 15:27:27.535, 6742, 1012
2026/09/26 15:27:27.636, 6742, 1016
2026/09/26 15:27:27.736, 6742, 1016
2026/09/26 15:27:27.837, 6742, 1026
2026/09/26 15:27:27.937, 6742, 1032
2026/09/26 15:27:28.038, 6742, 1034
2026/09/26 15:27:28.138, 6742, 1034
2026/09/26 15:27:28.238, 6742, 1034
2026/09/26 15:27:28.339, 6742, 1034
2026/09/26 15:27:28.439, 6742, 1034
2026/09/26 15:27:28.540, 6742, 1034
2026/09/26 15:27:28.640, 6742, 1034
2026/09/26 15:27:28.741, 6742, 1034
2026/09/26 15:27:28.841, 6742, 1034
2026/09/26 15:27:28.942, 6742, 1034
2026/09/26 15:27:29.042, 6742, 1034
2026/09/26 15:27:29.143, 6742, 1034
2026/09/26 15:27:29.243, 6742, 1034
2026/09/26 15:27:29.344, 6742, 1034
2026/09/26 15:27:29.444, 6742, 1034
2026/09/26 15:27:29.545, 6742, 1034
2026/09/26 15:27:29.645, 6742, 1034
2026/09/26 15:27:29.746, 6742, 1034
2026/09/26 15:27:29.846, 6742, 1034
2026/09/26 15:27:29.947, 6742, 1034
2026/09/26 15:27:30.047, 6742, 1034
2026/09/26 15:27:30.147, 6742, 1034
2026/09/26 15:27:30.248, 6742, 1034
2026/09/26 15:27:30.348, 6742, 1034
2026/09/26 15:27:30.449, 6742, 1034
2026/09/26 15:27:30.549, 6742, 1034
2026/09/26 15:27:30.650, 6742, 1034
2026/09/26 15:27:30.750, 6742, 1034
2026/09/26 15:27:30.851, 6742, 1034
2026/09/26 15:27:30.951, 6742, 1036
2026/09/26 15:27:31.052, 6742, 1036
2026/09/26 15:27:31.152, 6742, 1036
2026/09/26 15:27:31.253, 6742, 1036
2026/09/26 15:27:31.353, 6742, 1036
2026/09/26 15:27:31.454, 6742, 1036
2026/09/26 15:27:31.554, 6742, 1036
2026/09/26 15:27:31.655, 6742, 1036
2026/09/26 15:27:31.755, 6742, 1036
2026/09/26 15:27:31.856, 6742, 1036
2026/09/26 15:27:31.956, 6742, 1036
2026/09/26 15:27:32.056, 6742, 1036
2026/09/26 15:27:32.157, 6742, 1036
2026/09/26 15:27:32.257, 6742, 1036
2026/09/26 15:27:32.358, 6742, 1036
2026/09/26 15:27:32.458, 6742, 1036
2026/09/26 15:27:32.559, 6742, 1036
2026/09/26 15:27:32.659, 6742, 1036
2026/09/26 15:27:32.760, 6742, 1036
2026/09/26 15:27:32.860, 6742, 1036
2026/09/26 15:27:32.961, 6742, 1036
2026/09/26 15:27:33.061, 6742, 1036
2026/09/26 15:27:33.162, 6742, 1036
2026/09/26 15:27:33.262, 6742, 1036
2026/09/26 15:27:33.363, 6742, 1036
2026/09/26 15:27:33.463, 6742, 1036
2026/09/26 15:27:33.564, 6742, 1036
2026/09/26 15:27:33.664, 6742, 1036
2026/09/26 15:27:33.765, 6742, 1036
2026/09/26 15:27:33.865, 6742, 1036
2026/09/26 15:27:33.966, 6742, 1036
2026/09/26 15:27:34.066, 6742, 1036
2026/09/26 15:27:34.167, 6742, 1036
2026/09/26 15:27:34.267, 6742, 1036
2026/09/26 15:27:34.368, 6742, 1036
2026/09/26 15:27:34.468, 6742, 1036
2026/09/26 15:27:34.569, 6742, 1036
2026/09/26 15:27:34.669, 6742, 1036
2026/09/26 15:27:34.770, 6742, 1036
2026/09/26 15:27:34.870, 6742, 1036
2026/09/26 15:27:34.971, 6742, 1036
2026/09/26 15:27:35.071, 6742, 1036
2026/09/26 15:27:35.172, 6742, 1036
2026/09/26 15:27:35.272, 6742, 1036
2026/09/26 15:27:35.373, 6742, 1036
2026/09/26 15:27:35.473, 6742, 1036
2026/09/26 15:27:35.574, 6742, 1036
2026/09/26 15:27:35.674, 6742, 1036
2026/09/26 15:27:35.775, 6742, 1036
2026/09/26 15:27:35.875, 6742, 1036
2026/09/26 15:27:35.976, 6742, 1036
2026/09/26 15:27:36.076, 6742, 1036
2026/09/26 15:27:36.177, 6742, 1036
2026/09/26 15:27:36.277, 6742, 1036
2026/09/26 15:27:36.378, 6742, 1036
2026/09/26 15:27:36.478, 6742, 1036
2026/09/26 15:27:36.579, 6742, 1036
2026/09/26 15:27:36.679, 6742, 1036
2026/09/26 15:27:36.780, 6742, 1036
2026/09/26 15:27:36.880, 6742, 1036
2026/09/26 15:27:36.981, 6742, 1036
2026/09/26 15:27:37.081, 6742, 1036
2026/09/26 15:27:37.182, 6742, 1036
2026/09/26 15:27:37.282, 6742, 1036
2026/09/26 15:27:37.382, 6742, 1036
2026/09/26 15:27:37.483, 6742, 1036
2026/09/26 15:27:37.583, 6742, 1036
2026/09/26 15:27:37.684, 6742, 1036
2026/09/26 15:27:37.784, 6742, 1036
2026/09/26 15:27:37.885, 6742, 1036
2026/09/26 15:27:37.985, 6742, 1036
2026/09/26 15:27:38.086, 6742, 1036
2026/09/26 15:27:38.186, 6742, 1036
2026/09/26 15:27:38.287, 6742, 1036
2026/09/26 15:27:38.387, 6742, 1036
2026/09/26 15:27:38.488, 6742, 1036
2026/09/26 15:27:38.588, 6742, 1036
2026/09/26 15:27:38.689, 6742, 1036
2026/09/26 15:27:38.789, 6742, 1036
2026/09/26 15:27:38.890, 6742, 1036
2026/09/26 15:27:38.990, 6742, 1036
2026/09/26 15:27:39.091, 6742, 1036
2026/09/26 15:27:39.191, 6742, 1036
2026/09/26 15:27:39.292, 6742, 1036
2026/09/26 15:27:39.392, 6742, 1036
2026/09/26 15:27:39.493, 6742, 1036
2026/09/26 15:27:39.593, 6742, 1036
2026/09/26 15:27:39.694, 6742, 1036
2026/09/26 15:27:39.794, 6742, 1036
2026/09/26 15:27:39.895, 6742, 1036
2026/09/26 15:27:39.995, 6742, 1036
2026/09/26 15:27:40.096, 6742, 1036
2026/09/26 15:27:40.196, 6742, 1036
2026/09/26 15:27:40.297, 6742, 1036
2026/09/26 15:27:40.397, 6742, 1036
2026/09/26 15:27:40.498, 6742, 1036
2026/09/26 15:27:40.598, 6742, 1036
2026/09/26 15:27:40.699, 6742, 1036
2026/09/26 15:27:40.799, 6742, 1036
2026/09/26 15:27:40.900, 6742, 1036
2026/09/26 15:27:41.000, 6742, 1036
2026/09/26 15:27:41.101, 6742, 1036
2026/09/26 15:27:41.201, 6742, 1036
2026/09/26 15:27:41.302, 6742, 1036
2026/09/26 15:27:41.402, 6742, 1036
2026/09/26 15:27:41.503, 6742, 1036
2026/09/26 15:27:41.603, 6742, 1036
2026/09/26 15:27:41.704, 6742, 1036
2026/09/26 15:27:41.804, 6742, 1036
2026/09/26 15:27:41.905, 6742, 1036
2026/09/26 15:27:42.005, 6742, 1036
2026/09/26 15:27:42.106, 6742, 1036
2026/09/26 15:27:42.206, 6742, 1036
2026/09/26 15:27:42.307, 6742, 1036
2026/09/26 15:27:42.407, 6742, 1036
2026/09/26 15:27:42.508, 6742, 1036
2026/09/26 15:27:42.608, 6742, 1036
2026/09/26 15:27:42.709, 6742, 1036
2026/09/26 15:27:42.809, 6742, 1036
2026/09/26 15:27:42.910, 6742, 1036
2026/09/26 15:27:43.011, 6742, 1036
2026/09/26 15:27:43.111, 6742, 1036
2026/09/26 15:27:43.212, 6742, 1036
2026/09/26 15:27:43.312, 6742, 1036
2026/09/26 15:27:43.413, 6742, 1036
2026/09/26 15:27:43.513, 6742, 1036
2026/09/26 15:27:43.614, 6742, 1036
2026/09/26 15:27:43.714, 6742, 1036
2026/09/26 15:27:43.815, 6742, 1036
2026/09/26 15:27:43.915, 6742, 1036
2026/09/26 15:27:44.016, 6742, 1036
2026/09/26 15:27:44.116, 6742, 1036
2026/09/26 15:27:44.217, 6742, 1036
2026/09/26 15:27:44.317, 6742, 1036
2026/09/26 15:27:44.418, 6742, 1036
2026/09/26 15:27:44.518, 6742, 1036
2026/09/26 15:27:44.619, 6742, 1036
2026/09/26 15:27:44.719, 6742, 1036
2026/09/26 15:27:44.820, 6742, 1036
2026/09/26 15:27:44.921, 6742, 1036
2026/09/26 15:27:45.021, 6742, 1036
2026/09/26 15:27:45.122, 6742, 1036
2026/09/26 15:27:45.222, 6742, 1036
2026/09/26 15:27:45.323, 6742, 1036
2026/09/26 15:27:45.423, 6742, 1036
2026/09/26 15:27:45.524, 6742, 1036
2026/09/26 15:27:45.624, 6742, 1036
2026/09/26 15:27:45.725, 6742, 1036
2026/09/26 15:27:45.825, 6742, 1036
2026/09/26 15:27:45.926, 6742, 1036
2026/09/26 15:27:46.026, 6742, 1036
2026/09/26 15:27:46.127, 6742, 1036
2026/09/26 15:27:46.227, 6742, 1036
2026/09/26 15:27:46.328, 6742, 1036
2026/09/26 15:27:46.429, 6742, 1036
2026/09/26 15:27:46.530, 6742, 1036
2026/09/26 15:27:46.630, 6742, 1036
2026/09/26 15:27:46.731, 6742, 1036
2026/09/26 15:27:46.831, 6742, 1036
2026/09/26 15:27:46.932, 6742, 1036
2026/09/26 15:27:47.032, 6742, 1036
2026/09/26 15:27:47.132, 6742, 1036
2026/09/26 15:27:47.233, 6742, 1036
2026/09/26 15:27:47.334, 6742, 1036
2026/09/26 15:27:47.434, 6742, 1036
2026/09/26 15:27:47.534, 6742, 1036
2026/09/26 15:27:47.635, 6742, 1036
2026/09/26 15:27:47.736, 6742, 1036
2026/09/26 15:27:47.836, 6742, 1036
2026/09/26 15:27:47.937, 6742, 1036
2026/09/26 15:27:48.037, 6742, 1036
2026/09/26 15:27:48.138, 6742, 1036
2026/09/26 15:27:48.238, 6742, 1036
2026/09/26 15:27:48.339, 6742, 1036
2026/09/26 15:27:48.439, 6742, 1036
2026/09/26 15:27:48.540, 6742, 1036
2026/09/26 15:27:48.640, 6742, 1036
2026/09/26 15:27:48.741, 6742, 1036
2026/09/26 15:27:48.841, 6742, 1036
2026/09/26 15:27:48.942, 6742, 1036
2026/09/26 15:27:49.042, 6742, 1036
2026/09/26 15:27:49.143, 6742, 1036
2026/09/26 15:27:49.243, 6742, 1036
2026/09/26 15:27:49.344, 6742, 1036
2026/09/26 15:27:49.444, 6742, 1036
2026/09/26 15:27:49.545, 6742, 1036
2026/09/26 15:27:49.645, 6742, 1036
2026/09/26 15:27:49.746, 6742, 1036
2026/09/26 15:27:49.846, 6742, 1036
2026/09/26 15:27:49.947, 6742, 1036
2026/09/26 15:27:50.047, 6742, 1036
2026/09/26 15:27:50.148, 6742, 1036
2026/09/26 15:27:50.248, 6742, 1036
2026/09/26 15:27:50.349, 6742, 1036
2026/09/26 15:27:50.449, 6742, 1036
2026/09/26 15:27:50.550, 6742, 1036
2026/09/26 15:27:50.650, 6742, 1036
2026/09/26 15:27:50.751, 6742, 1036
2026/09/26 15:27:50.851, 6742, 1036
2026/09/26 15:27:50.952, 6742, 1036
2026/09/26 15:27:51.052, 6742, 1036
2026/09/26 15:27:51.153, 6742, 1036
2026/09/26 15:27:51.253, 6742, 1036
2026/09/26 15:27:51.354, 6742, 1036
2026/09/26 15:27:51.455, 6742, 1036
2026/09/26 15:27:51.555, 6742, 1036
2026/09/26 15:27:51.655, 6742, 1036
2026/09/26 15:27:51.756, 6742, 1036
2026/09/26 15:27:51.857, 6742, 1036
2026/09/26 15:27:51.957, 6742, 1036
2026/09/26 15:27:52.058, 6742, 1036
2026/09/26 15:27:52.158, 6742, 1036
2026/09/26 15:27:52.259, 6742, 1036
2026/09/26 15:27:52.359, 6742, 1036
2026/09/26 15:27:52.460, 6742, 1036
2026/09/26 15:27:52.560, 6742, 1036
2026/09/26 15:27:52.661, 6742, 1036
2026/09/26 15:27:52.761, 6742, 1036
2026/09/26 15:27:52.861, 6742, 1036
2026/09/26 15:27:52.962, 6742, 1036
2026/09/26 15:27:53.062, 6742, 1036
2026/09/26 15:27:53.163, 6742, 1036
2026/09/26 15:27:53.263, 6742, 1036
2026/09/26 15:27:53.364, 6742, 1036
2026/09/26 15:27:53.465, 6742, 1036
2026/09/26 15:27:53.565, 6742, 1036
2026/09/26 15:27:53.665, 6742, 1036
2026/09/26 15:27:53.766, 6742, 1036
2026/09/26 15:27:53.866, 6742, 1036
2026/09/26 15:27:53.967, 6742, 1036
2026/09/26 15:27:54.067, 6742, 1036
2026/09/26 15:27:54.168, 6742, 1036
2026/09/26 15:27:54.268, 6742, 1036
2026/09/26 15:27:54.369, 6742, 1036
2026/09/26 15:27:54.469, 6742, 1036
2026/09/26 15:27:54.570, 6742, 1036
2026/09/26 15:27:54.670, 6742, 1036
2026/09/26 15:27:54.771, 6742, 1036
2026/09/26 15:27:54.871, 6742, 1036
2026/09/26 15:27:54.972, 6742, 1036
2026/09/26 15:27:55.072, 6742, 1036
2026/09/26 15:27:55.173, 6742, 1036
2026/09/26 15:27:55.273, 6742, 1036
2026/09/26 15:27:55.374, 6742, 1036
2026/09/26 15:27:55.474, 6742, 1036
2026/09/26 15:27:55.575, 6742, 1036
2026/09/26 15:27:55.675, 6742, 1036
2026/09/26 15:27:55.776, 6742, 1036
2026/09/26 15:27:55.876, 6742, 1036
2026/09/26 15:27:55.977, 6742, 1036
2026/09/26 15:27:56.077, 6742, 1036
2026/09/26 15:27:56.178, 6742, 1036
2026/09/26 15:27:56.279, 6742, 1036
2026/09/26 15:27:56.379, 6742, 1036
2026/09/26 15:27:56.480, 6742, 1036
2026/09/26 15:27:56.580, 6742, 1036
2026/09/26 15:27:56.681, 6742, 1036
2026/09/26 15:27:56.781, 6742, 1036
2026/09/26 15:27:56.882, 6742, 1036
2026/09/26 15:27:56.982, 6742, 1036
2026/09/26 15:27:57.083, 6742, 1036
2026/09/26 15:27:57.183, 6742, 1036
2026/09/26 15:27:57.284, 6742, 1036
2026/09/26 15:27:57.384, 6742, 1036
2026/09/26 15:27:57.485, 6742, 1036
2026/09/26 15:27:57.585, 6742, 1036
2026/09/26 15:27:57.686, 6742, 1036
2026/09/26 15:27:57.786, 6742, 1036
2026/09/26 15:27:57.887, 6742, 1036
2026/09/26 15:27:57.987, 6742, 1036
2026/09/26 15:27:58.088, 6742, 1036
2026/09/26 15:27:58.188, 6742, 1036
2026/09/26 15:27:58.289, 6742, 1036
2026/09/26 15:27:58.389, 6742, 1036
2026/09/26 15:27:58.490, 6742, 1036
2026/09/26 15:27:58.590, 6742, 1036
2026/09/26 15:27:58.691, 6742, 1036
2026/09/26 15:27:58.791, 6742, 1036
2026/09/26 15:27:58.892, 6742, 1036
2026/09/26 15:27:58.992, 6742, 1036
2026/09/26 15:27:59.093, 6742, 1036
2026/09/26 15:27:59.193, 6742, 1036
2026/09/26 15:27:59.294, 6742, 1036
2026/09/26 15:27:59.394, 6742, 1036
2026/09/26 15:27:59.495, 6742, 1036
2026/09/26 15:27:59.595, 6742, 1036
2026/09/26 15:27:59.696, 6742, 1036
2026/09/26 15:27:59.796, 6742, 1036
2026/09/26 15:27:59.897, 6742, 1036
2026/09/26 15:27:59.997, 6742, 1036
2026/09/26 15:28:00.098, 6742, 1036
2026/09/26 15:28:00.198, 6742, 1036
2026/09/26 15:28:00.299, 6742, 1036
2026/09/26 15:28:00.399, 6742, 1036
2026/09/26 15:28:00.500, 6742, 1036
2026/09/26 15:28:00.600, 6742, 1036
2026/09/26 15:28:00.701, 6742, 1036
2026/09/26 15:28:00.801, 6742, 1036
2026/09/26 15:28:00.902, 6742, 1036
2026/09/26 15:28:01.002, 6742, 1036
2026/09/26 15:28:01.103, 6742, 1036
2026/09/26 15:28:01.203, 6742, 1036
2026/09/26 15:28:01.304, 6742, 1036
2026/09/26 15:28:01.405, 6742, 1036
2026/09/26 15:28:01.505, 6742, 1036
2026/09/26 15:28:01.605, 6742, 1036
2026/09/26 15:28:01.706, 6742, 1036
2026/09/26 15:28:01.806, 6742, 1036
2026/09/26 15:28:01.907, 6742, 1036
2026/09/26 15:28:02.007, 6742, 1036
2026/09/26 15:28:02.108, 6742, 1036
2026/09/26 15:28:02.209, 6742, 1036
2026/09/26 15:28:02.309, 6742, 1036
2026/09/26 15:28:02.410, 6742, 1036
2026/09/26 15:28:02.510, 6742, 1036
2026/09/26 15:28:02.611, 6742, 1036
2026/09/26 15:28:02.711, 6742, 1036
2026/09/26 15:28:02.811, 6742, 1036
2026/09/26 15:28:02.912, 6742, 1036
2026/09/26 15:28:03.012, 6742, 1036
2026/09/26 15:28:03.113, 6742, 1036
2026/09/26 15:28:03.213, 6742, 1036
2026/09/26 15:28:03.314, 6742, 1036
2026/09/26 15:28:03.414, 6742, 1036
2026/09/26 15:28:03.515, 6742, 1036
2026/09/26 15:28:03.615, 6742, 1036
2026/09/26 15:28:03.716, 6742, 1036
2026/09/26 15:28:03.816, 6742, 1036
2026/09/26 15:28:03.917, 6742, 1036
2026/09/26 15:28:04.018, 6742, 1036
2026/09/26 15:28:04.118, 6742, 1036
2026/09/26 15:28:04.219, 6742, 1036
2026/09/26 15:28:04.319, 6742, 1036
2026/09/26 15:28:04.420, 6742, 1036
2026/09/26 15:28:04.520, 6742, 1036
2026/09/26 15:28:04.620, 6742, 1036
2026/09/26 15:28:04.721, 6742, 1036
2026/09/26 15:28:04.821, 6742, 1036
2026/09/26 15:28:04.922, 6742, 1036
2026/09/26 15:28:05.022, 6742, 1036
2026/09/26 15:28:05.123, 6742, 1036
2026/09/26 15:28:05.224, 6742, 1036
2026/09/26 15:28:05.324, 6742, 1036
2026/09/26 15:28:05.425, 6742, 1036
2026/09/26 15:28:05.525, 6742, 1036
2026/09/26 15:28:05.626, 6742, 1036
2026/09/26 15:28:05.726, 6742, 1036
2026/09/26 15:28:05.827, 6742, 1036
2026/09/26 15:28:05.927, 6742, 1036
2026/09/26 15:28:06.027, 6742, 1036
2026/09/26 15:28:06.128, 6742, 1036
2026/09/26 15:28:06.228, 6742, 1036
2026/09/26 15:28:06.329, 6742, 1036
2026/09/26 15:28:06.429, 6742, 1036
2026/09/26 15:28:06.530, 6742, 1036
2026/09/26 15:28:06.630, 6742, 1036
2026/09/26 15:28:06.731, 6742, 1036
2026/09/26 15:28:06.831, 6742, 1036
2026/09/26 15:28:06.932, 6742, 1036
2026/09/26 15:28:07.033, 6742, 1036
2026/09/26 15:28:07.133, 6742, 1036
2026/09/26 15:28:07.234, 6742, 1036
2026/09/26 15:28:07.334, 6742, 1036
2026/09/26 15:28:07.435, 6742, 1036
2026/09/26 15:28:07.535, 6742, 1036
2026/09/26 15:28:07.636, 6742, 1036
2026/09/26 15:28:07.736, 6742, 1036
2026/09/26 15:28:07.837, 6742, 1036
2026/09/26 15:28:07.937, 6742, 1036
2026/09/26 15:28:08.038, 6742, 1036
2026/09/26 15:28:08.138, 6742, 1036
2026/09/26 15:28:08.239, 6742, 1036
2026/09/26 15:28:08.339, 6742, 1036
2026/09/26 15:28:08.440, 6742, 1036
2026/09/26 15:28:08.540, 6742, 1036
2026/09/26 15:28:08.641, 6742, 1036
2026/09/26 15:28:08.741, 6742, 1036
2026/09/26 15:28:08.842, 6742, 1036
2026/09/26 15:28:08.942, 6742, 1036
2026/09/26 15:28:09.043, 6742, 1036
2026/09/26 15:28:09.143, 6742, 1036
2026/09/26 15:28:09.244, 6742, 1036
2026/09/26 15:28:09.344, 6742, 1036
2026/09/26 15:28:09.445, 6742, 1036
2026/09/26 15:28:09.545, 6742, 1036
2026/09/26 15:28:09.646, 6742, 1036
2026/09/26 15:28:09.746, 6742, 1036
2026/09/26 15:28:09.847, 6742, 1036
2026/09/26 15:28:09.948, 6742, 1036
2026/09/26 15:28:10.048, 6742, 1036
2026/09/26 15:28:10.149, 6742, 1036
2026/09/26 15:28:10.249, 6742, 1036
2026/09/26 15:28:10.350, 6742, 1036
2026/09/26 15:28:10.450, 6742, 1036
2026/09/26 15:28:10.550, 6742, 1036
