2026/09/26 15:03:20.121, 111821, 10
2026/09/26 15:03:20.222, 111821, 288
2026/09/26 15:03:20.323, 111821, 654
2026/09/26 15:03:20.423, 111821, 982
2026/09/26 15:03:20.524, 111821, 1120
2026/09/26 15:03:20.624, 111821, 1140
2026/09/26 15:03:20.725, 111821, 1154
2026/09/26 15:03:20.825, 111821, 1156
2026/09/26 15:03:20.926, 111821, 1176
2026/09/26 15:03:21.026, 111821, 1184
2026/09/26 15:03:21.127, 111821, 1184
2026/09/26 15:03:21.227, 111821, 1184
2026/09/26 15:03:21.328, 111821, 1184
2026/09/26 15:03:21.428, 111821, 1184
2026/09/26 15:03:21.528, 111821, 1184
2026/09/26 15:03:21.629, 111821, 1184
2026/09/26 15:03:21.729, 111821, 1184
2026/09/26 15:03:21.830, 111821, 1184
2026/09/26 15:03:21.930, 111821, 1184
2026/09/26 15:03:22.031, 111821, 1184
2026/09/26 15:03:22.131, 111821, 1184
2026/09/26 15:03:22.232, 111821, 1184
2026/09/26 15:03:22.332, 111821, 1184
2026/09/26 15:03:22.433, 111821, 1184
2026/09/26 15:03:22.533, 111821, 1184
2026/09/26 15:03:22.634, 111821, 1184
2026/09/26 15:03:22.734, 111821, 1184
2026/09/26 15:03:22.835, 111821, 1184
2026/09/26 15:03:22.935, 111821, 1184
2026/09/26 15:03:23.036, 111821, 1184
2026/09/26 15:03:23.136, 111821, 1184
2026/09/26 15:03:23.237, 111821, 1184
2026/09/26 15:03:23.337, 111821, 1184
2026/09/26 15:03:23.437, 111821, 1184
2026/09/26 15:03:23.538, 111821, 1184
2026/09/26 15:03:23.638, 111821, 1184
2026/09/26 15:03:23.739, 111821, 1184
2026/09/26 15:03:23.839, 111821, 1184
2026/09/26 15:03:23.940, 111821, 1184
2026/09/26 15:03:24.040, 111821, 1184
2026/09/26 15:03:24.141, 111821, 1184
2026/09/26 15:03:24.241, 111821, 1184
2026/09/26 15:03:24.342, 111821, 1184
2026/09/26 15:03:24.442, 111821, 1184
2026/09/26 15:03:24.543, 111821, 1184
2026/09/26 15:03:24.643, 111821, 1184
2026/09/26 15:03:24.744, 111821, 1184
2026/09/26 15:03:24.844, 111821, 1184
2026/09/26 15:03:24.945, 111821, 1184
2026/09/26 15:03:25.045, 111821, 1184
2026/09/26 15:03:25.146, 111821, 1184
2026/09/26 15:03:25.246, 111821, 1184
2026/09/26 15:03:25.347, 111821, 1184
2026/09/26 15:03:25.447, 111821, 1184
2026/09/26 15:03:25.548, 111821, 1184
2026/09/26 15:03:25.648, 111821, 1184
2026/09/26 15:03:25.749, 111821, 1184
2026/09/26 15:03:25.849, 111821, 1184
2026/09/26 15:03:25.950, 111821, 1184
2026/09/26 15:03:26.050, 111821, 1186
2026/09/26 15:03:26.151, 111821, 1186
2026/09/26 15:03:26.251, 111821, 1186
2026/09/26 15:03:26.351, 111821, 1186
2026/09/26 15:03:26.452, 111821, 1186
2026/09/26 15:03:26.552, 111821, 1186
2026/09/26 15:03:26.653, 111821, 1186
2026/09/26 15:03:26.753, 111821, 1186
2026/09/26 15:03:26.854, 111821, 1186
2026/09/26 15:03:26.954, 111821, 1186
2026/09/26 15:03:27.055, 111821, 1186
2026/09/26 15:03:27.155, 111821, 1186
2026/09/26 15:03:27.256, 111821, 1186
2026/09/26 15:03:27.356, 111821, 1186
2026/09/26 15:03:27.457, 111821, 1186
2026/09/26 15:03:27.557, 111821, 1186
2026/09/26 15:03:27.658, 111821, 1186
2026/09/26 15:03:27.758, 111821, 1186
2026/09/26 15:03:27.859, 111821, 1186
2026/09/26 15:03:27.959, 111821, 1186
2026/09/26 15:03:28.060, 111821, 1186
2026/09/26 15:03:28.160, 111821, 1186
2026/09/26 15:03:28.260, 111821, 1186
2026/09/26 15:03:28.361, 111821, 1186
2026/09/26 15:03:28.461, 111821, 1186
2026/09/26 15:03:28.562, 111821, 1186
2026/09/26 15:03:28.662, 111821, 1186
2026/09/26 15:03:28.763, 111821, 1186
2026/09/26 15:03:28.863, 111821, 1186
2026/09/26 15:03:28.964, 111821, 1186
2026/09/26 15:03:29.064, 111821, 1186
2026/09/26 15:03:29.165, 111821, 1186
2026/09/26 15:03:29.265, 111821, 1186
2026/09/26 15:03:29.366, 111821, 1186
2026/09/26 15:03:29.466, 111821, 1186
2026/09/26 15:03:29.567, 111821, 1186
2026/09/26 15:03:29.667, 111821, 1186
2026/09/26 15:03:29.768, 111821, 1186
2026/09/26 15:03:29.868, 111821, 1186
2026/09/26 15:03:29.969, 111821, 1186
2026/09/26 15:03:30.069, 111821, 1186
2026/09/26 15:03:30.170, 111821, 1186
2026/09/26 15:03:30.270, 111821, 1186
2026/09/26 15:03:30.371, 111821, 1186
2026/09/26 15:03:30.471, 111821, 1186
2026/09/26 15:03:30.572, 111821, 1186
2026/09/26 15:03:30.672, 111821, 1186
2026/09/26 15:03:30.772, 111821, 1186
2026/09/26 15:03:30.873, 111821, 1186
2026/09/26 15:03:30.973, 111821, 1186
2026/09/26 15:03:31.074, 111821, 1186
2026/09/26 15:03:31.174, 111821, 1186
2026/09/26 15:03:31.275, 111821, 1186
2026/09/26 15:03:31.375, 111821, 1186
2026/09/26 15:03:31.476, 111821, 1186
2026/09/26 15:03:31.576, 111821, 1186
2026/09/26 15:03:31.677, 111821, 1186
2026/09/26 15:03:31.777, 111821, 1186
2026/09/26 15:03:31.878, 111821, 1186
2026/09/26 15:03:31.978, 111821, 1186
2026/09/26 15:03:32.079, 111821, 1186
2026/09/26 15:03:32.179, 111821, 1186
2026/09/26 15:03:32.280, 111821, 1186
2026/09/26 15:03:32.380, 111821, 1186
2026/09/26 15:03:32.480, 111821, 1186
2026/09/26 15:03:32.581, 111821, 1186
2026/09/26 15:03:32.681, 111821, 1186
2026/09/26 15:03:32.782, 111821, 1186
2026/09/26 15:03:32.882, 111821, 1186
2026/09/26 15:03:32.983, 111821, 1186
2026/09/26 15:03:33.083, 111821, 1186
2026/09/26 15:03:33.184, 111821, 1186
2026/09/26 15:03:33.284, 111821, 1186
2026/09/26 15:03:33.385, 111821, 1186
2026/09/26 15:03:33.485, 111821, 1186
2026/09/26 15:03:33.586, 111821, 1186
2026/09/26 15:03:33.686, 111821, 1186
2026/09/26 15:03:33.787, 111821, 1186
2026/09/26 15:03:33.887, 111821, 1186
2026/09/26 15:03:33.988, 111821, 1186
2026/09/26 15:03:34.088, 111821, 1186
2026/09/26 15:03:34.188, 111821, 1186
2026/09/26 15:03:34.289, 111821, 1186
2026/09/26 15:03:34.389, 111821, 1186
2026/09/26 15:03:34.490, 111821, 1186
2026/09/26 15:03:34.590, 111821, 1186
2026/09/26 15:03:34.691, 111821, 1186
2026/09/26 15:03:34.791, 111821, 1186
2026/09/26 15:03:34.892, 111821, 1186
2026/09/26 15:03:34.992, 111821, 1186
2026/09/26 15:03:35.093, 111821, 1186
2026/09/26 15:03:35.193, 111821, 1186
2026/09/26 15:03:35.294, 111821, 1186
2026/09/26 15:03:35.394, 111821, 1186
2026/09/26 15:03:35.495, 111821, 1186
2026/09/26 15:03:35.595, 111821, 1186
2026/09/26 15:03:35.696, 111821, 1186
2026/09/26 15:03:35.797, 111821, 1186
2026/09/26 15:03:35.897, 111821, 1186
2026/09/26 15:03:35.998, 111821, 1186
2026/09/26 15:03:36.098, 111821, 1186
2026/09/26 15:03:36.199, 111821, 1186
2026/09/26 15:03:36.300, 111821, 1186
2026/09/26 15:03:36.401, 111821, 1186
2026/09/26 15:03:36.501, 111821, 1186
2026/09/26 15:03:36.602, 111821, 1186
2026/09/26 15:03:36.702, 111821, 1186
2026/09/26 15:03:36.803, 111821, 1186
2026/09/26 15:03:36.903, 111821, 1186
2026/09/26 15:03:37.003, 111821, 1186
2026/09/26 15:03:37.104, 111821, 1186
2026/09/26 15:03:37.204, 111821, 1186
2026/09/26 15:03:37.305, 111821, 1186
2026/09/26 15:03:37.405, 111821, 1186
2026/09/26 15:03:37.506, 111821, 1186
2026/09/26 15:03:37.606, 111821, 1186
2026/09/26 15:03:37.707, 111821, 1186
2026/09/26 15:03:37.807, 111821, 1186
2026/09/26 15:03:37.908, 111821, 1186
2026/09/26 15:03:38.008, 111821, 1186
2026/09/26 15:03:38.109, 111821, 1186
2026/09/26 15:03:38.209, 111821, 1186
2026/09/26 15:03:38.310, 111821, 1186
2026/09/26 15:03:38.410, 111821, 1186
2026/09/26 15:03:38.511, 111821, 1186
2026/09/26 15:03:38.611, 111821, 1186
2026/09/26 15:03:38.712, 111821, 1186
2026/09/26 15:03:38.812, 111821, 1186
2026/09/26 15:03:38.912, 111821, 1186
2026/09/26 15:03:39.013, 111821, 1186
2026/09/26 15:03:39.113, 111821, 1186
2026/09/26 15:03:39.214, 111821, 1186
2026/09/26 15:03:39.314, 111821, 1186
2026/09/26 15:03:39.415, 111821, 1186
2026/09/26 15:03:39.515, 111821, 1186
2026/09/26 15:03:39.616, 111821, 1186
2026/09/26 15:03:39.716, 111821, 1186
2026/09/26 15:03:39.817, 111821, 1186
2026/09/26 15:03:39.917, 111821, 1186
2026/09/26 15:03:40.018, 111821, 1186
2026/09/26 15:03:40.118, 111821, 1186
2026/09/26 15:03:40.219, 111821, 1186
2026/09/26 15:03:40.319, 111821, 1186
2026/09/26 15:03:40.419, 111821, 1186
2026/09/26 15:03:40.520, 111821, 1186
2026/09/26 15:03:40.620, 111821, 1186
2026/09/26 15:03:40.721, 111821, 1186
2026/09/26 15:03:40.821, 111821, 1186
2026/09/26 15:03:40.922, 111821, 1186
2026/09/26 15:03:41.022, 111821, 1186
2026/09/26 15:03:41.123, 111821, 1186
2026/09/26 15:03:41.223, 111821, 1186
2026/09/26 15:03:41.324, 111821, 1186
2026/09/26 15:03:41.424, 111821, 1186
2026/09/26 15:03:41.525, 111821, 1186
2026/09/26 15:03:41.625, 111821, 1186
2026/09/26 15:03:41.725, 111821, 1186
2026/09/26 15:03:41.826, 111821, 1186
2026/09/26 15:03:41.926, 111821, 1186
2026/09/26 15:03:42.027, 111821, 1186
2026/09/26 15:03:42.127, 111821, 1186
2026/09/26 15:03:42.228, 111821, 1186
2026/09/26 15:03:42.328, 111821, 1186
2026/09/26 15:03:42.429, 111821, 1186
2026/09/26 15:03:42.529, 111821, 1186
2026/09/26 15:03:42.630, 111821, 1186
2026/09/26 15:03:42.730, 111821, 1186
2026/09/26 15:03:42.831, 111821, 1186
2026/09/26 15:03:42.931, 111821, 1186
2026/09/26 15:03:43.031, 111821, 1186
2026/09/26 15:03:43.132, 111821, 1186
2026/09/26 15:03:43.232, 111821, 1186
2026/09/26 15:03:43.333, 111821, 1186
2026/09/26 15:03:43.433, 111821, 1186
2026/09/26 15:03:43.534, 111821, 1186
2026/09/26 15:03:43.634, 111821, 1186
2026/09/26 15:03:43.735, 111821, 1186
2026/09/26 15:03:43.835, 111821, 1186
2026/09/26 15:03:43.936, 111821, 1186
2026/09/26 15:03:44.036, 111821, 1186
2026/09/26 15:03:44.137, 111821, 1186
2026/09/26 15:03:44.237, 111821, 1186
2026/09/26 15:03:44.338, 111821, 1186
2026/09/26 15:03:44.438, 111821, 1186
2026/09/26 15:03:44.539, 111821, 1186
2026/09/26 15:03:44.639, 111821, 1186
2026/09/26 15:03:44.740, 111821, 1186
2026/09/26 15:03:44.840, 111821, 1186
2026/09/26 15:03:44.940, 111821, 1186
2026/09/26 15:03:45.041, 111821, 1186
2026/09/26 15:03:45.141, 111821, 1186
2026/09/26 15:03:45.242, 111821, 1186
2026/09/26 15:03:45.342, 111821, 1186
2026/09/26 15:03:45.443, 111821, 1186
2026/09/26 15:03:45.543, 111821, 1186
2026/09/26 15:03:45.644, 111821, 1186
2026/09/26 15:03:45.744, 111821, 1186
2026/09/26 15:03:45.845, 111821, 1186
2026/09/26 15:03:45.945, 111821, 1186
2026/09/26 15:03:46.046, 111821, 1186
2026/09/26 15:03:46.146, 111821, 1186
2026/09/26 15:03:46.246, 111821, 1186
2026/09/26 15:03:46.347, 111821, 1186
2026/09/26 15:03:46.447, 111821, 1186
2026/09/26 15:03:46.548, 111821, 1186
2026/09/26 15:03:46.648, 111821, 1186
2026/09/26 15:03:46.749, 111821, 1186
2026/09/26 15:03:46.849, 111821, 1186
2026/09/26 15:03:46.950, 111821, 1186
2026/09/26 15:03:47.050, 111821, 1186
2026/09/26 15:03:47.151, 111821, 1186
2026/09/26 15:03:47.251, 111821, 1186
2026/09/26 15:03:47.352, 111821, 1186
2026/09/26 15:03:47.452, 111821, 1186
2026/09/26 15:03:47.552, 111821, 1186
2026/09/26 15:03:47.653, 111821, 1186
2026/09/26 15:03:47.753, 111821, 1186
2026/09/26 15:03:47.854, 111821, 1186
2026/09/26 15:03:47.954, 111821, 1186
2026/09/26 15:03:48.055, 111821, 1186
2026/09/26 15:03:48.155, 111821, 1186
2026/09/26 15:03:48.256, 111821, 1186
2026/09/26 15:03:48.356, 111821, 1186
2026/09/26 15:03:48.457, 111821, 1186
2026/09/26 15:03:48.557, 111821, 1186
2026/09/26 15:03:48.658, 111821, 1186
2026/09/26 15:03:48.758, 111821, 1186
2026/09/26 15:03:48.859, 111821, 1186
2026/09/26 15:03:48.959, 111821, 1186
2026/09/26 15:03:49.059, 111821, 1186
2026/09/26 15:03:49.160, 111821, 1186
2026/09/26 15:03:49.260, 111821, 1186
2026/09/26 15:03:49.361, 111821, 1186
2026/09/26 15:03:49.461, 111821, 1186
2026/09/26 15:03:49.562, 111821, 1186
2026/09/26 15:03:49.662, 111821, 1186
2026/09/26 15:03:49.763, 111821, 1186
2026/09/26 15:03:49.863, 111821, 1186
2026/09/26 15:03:49.964, 111821, 1186
2026/09/26 15:03:50.064, 111821, 1186
2026/09/26 15:03:50.165, 111821, 1186
2026/09/26 15:03:50.265, 111821, 1186
2026/09/26 15:03:50.366, 111821, 1186
2026/09/26 15:03:50.466, 111821, 1186
2026/09/26 15:03:50.566, 111821, 1186
2026/09/26 15:03:50.667, 111821, 1186
2026/09/26 15:03:50.767, 111821, 1186
2026/09/26 15:03:50.868, 111821, 1186
2026/09/26 15:03:50.968, 111821, 1186
2026/09/26 15:03:51.069, 111821, 1186
2026/09/26 15:03:51.169, 111821, 1186
2026/09/26 15:03:51.270, 111821, 1186
2026/09/26 15:03:51.370, 111821, 1186
2026/09/26 15:03:51.471, 111821, 1186
2026/09/26 15:03:51.571, 111821, 1186
2026/09/26 15:03:51.672, 111821, 1186
2026/09/26 15:03:51.772, 111821, 1186
2026/09/26 15:03:51.873, 111821, 1186
2026/09/26 15:03:51.973, 111821, 1186
2026/09/26 15:03:52.073, 111821, 1186
2026/09/26 15:03:52.174, 111821, 1186
2026/09/26 15:03:52.274, 111821, 1186
2026/09/26 15:03:52.375, 111821, 1186
2026/09/26 15:03:52.475, 111821, 1186
2026/09/26 15:03:52.576, 111821, 1186
2026/09/26 15:03:52.676, 111821, 1186
2026/09/26 15:03:52.777, 111821, 1186
2026/09/26 15:03:52.877, 111821, 1186
2026/09/26 15:03:52.978, 111821, 1186
2026/09/26 15:03:53.078, 111821, 1186
2026/09/26 15:03:53.179, 111821, 1186
2026/09/26 15:03:53.279, 111821, 1186
2026/09/26 15:03:53.380, 111821, 1186
2026/09/26 15:03:53.480, 111821, 1186
2026/09/26 15:03:53.581, 111821, 1186
2026/09/26 15:03:53.681, 111821, 1186
2026/09/26 15:03:53.782, 111821, 1186
2026/09/26 15:03:53.882, 111821, 1186
2026/09/26 15:03:53.982, 111821, 1186
2026/09/26 15:03:54.083, 111821, 1186
2026/09/26 15:03:54.183, 111821, 1186
2026/09/26 15:03:54.284, 111821, 1186
2026/09/26 15:03:54.384, 111821, 1186
2026/09/26 15:03:54.485, 111821, 1186
2026/09/26 15:03:54.585, 111821, 1186
2026/09/26 15:03:54.686, 111821, 1186
2026/09/26 15:03:54.786, 111821, 1186
2026/09/26 15:03:54.887, 111821, 1186
2026/09/26 15:03:54.987, 111821, 1186
2026/09/26 15:03:55.088, 111821, 1186
2026/09/26 15:03:55.188, 111821, 1186
2026/09/26 15:03:55.289, 111821, 1186
2026/09/26 15:03:55.389, 111821, 1186
2026/09/26 15:03:55.490, 111821, 1186
2026/09/26 15:03:55.590, 111821, 1186
2026/09/26 15:03:55.691, 111821, 1186
2026/09/26 15:03:55.791, 111821, 1186
2026/09/26 15:03:55.891, 111821, 1186
2026/09/26 15:03:55.992, 111821, 1186
2026/09/26 15:03:56.092, 111821, 1186
2026/09/26 15:03:56.193, 111821, 1186
2026/09/26 15:03:56.293, 111821, 1186
2026/09/26 15:03:56.394, 111821, 1186
2026/09/26 15:03:56.494, 111821, 1186
2026/09/26 15:03:56.595, 111821, 1186
2026/09/26 15:03:56.695, 111821, 1186
2026/09/26 15:03:56.796, 111821, 1186
2026/09/26 15:03:56.896, 111821, 1186
2026/09/26 15:03:56.997, 111821, 1186
2026/09/26 15:03:57.097, 111821, 1186
2026/09/26 15:03:57.198, 111821, 1186
2026/09/26 15:03:57.298, 111821, 1186
