2026/09/26 15:00:21.842, 111600, 186
2026/09/26 15:00:21.943, 111600, 484
2026/09/26 15:00:22.043, 111600, 896
2026/09/26 15:00:22.143, 111600, 1086
2026/09/26 15:00:22.244, 111600, 1120
2026/09/26 15:00:22.344, 111600, 1120
2026/09/26 15:00:22.445, 111600, 1120
2026/09/26 15:00:22.545, 111600, 1140
2026/09/26 15:00:22.646, 111600, 1140
2026/09/26 15:00:22.746, 111600, 1152
2026/09/26 15:00:22.847, 111600, 1156
2026/09/26 15:00:22.947, 111600, 1156
2026/09/26 15:00:23.048, 111600, 1176
2026/09/26 15:00:23.148, 111600, 1176
2026/09/26 15:00:23.249, 111600, 1180
2026/09/26 15:00:23.349, 111600, 1184
2026/09/26 15:00:23.450, 111600, 1184
2026/09/26 15:00:23.550, 111600, 1184
2026/09/26 15:00:23.651, 111600, 1184
2026/09/26 15:00:23.751, 111600, 1184
2026/09/26 15:00:23.852, 111600, 1184
2026/09/26 15:00:23.952, 111600, 1184
2026/09/26 15:00:24.052, 111600, 1184
2026/09/26 15:00:24.153, 111600, 1184
2026/09/26 15:00:24.253, 111600, 1184
2026/09/26 15:00:24.354, 111600, 1184
2026/09/26 15:00:24.454, 111600, 1184
2026/09/26 15:00:24.555, 111600, 1184
2026/09/26 15:00:24.655, 111600, 1184
2026/09/26 15:00:24.755, 111600, 1184
2026/09/26 15:00:24.856, 111600, 1184
2026/09/26 15:00:24.956, 111600, 1184
2026/09/26 15:00:25.057, 111600, 1184
2026/09/26 15:00:25.157, 111600, 1184
2026/09/26 15:00:25.257, 111600, 1184
2026/09/26 15:00:25.358, 111600, 1184
2026/09/26 15:00:25.458, 111600, 1184
2026/09/26 15:00:25.559, 111600, 1184
2026/09/26 15:00:25.659, 111600, 1184
2026/09/26 15:00:25.760, 111600, 1184
2026/09/26 15:00:25.860, 111600, 1184
2026/09/26 15:00:25.960, 111600, 1184
2026/09/26 15:00:26.061, 111600, 1184
2026/09/26 15:00:26.161, 111600, 1184
2026/09/26 15:00:26.262, 111600, 1184
2026/09/26 15:00:26.362, 111600, 1184
2026/09/26 15:00:26.463, 111600, 1184
2026/09/26 15:00:26.563, 111600, 1184
2026/09/26 15:00:26.663, 111600, 1184
2026/09/26 15:00:26.764, 111600, 1184
2026/09/26 15:00:26.864, 111600, 1184
2026/09/26 15:00:26.965, 111600, 1184
2026/09/26 15:00:27.065, 111600, 1184
2026/09/26 15:00:27.166, 111600, 1184
2026/09/26 15:00:27.266, 111600, 1184
2026/09/26 15:00:27.366, 111600, 1184
2026/09/26 15:00:27.467, 111600, 1184
2026/09/26 15:00:27.567, 111600, 1184
2026/09/26 15:00:27.668, 111600, 1184
2026/09/26 15:00:27.768, 111600, 1184
2026/09/26 15:00:27.868, 111600, 1184
2026/09/26 15:00:27.969, 111600, 1184
2026/09/26 15:00:28.069, 111600, 1184
2026/09/26 15:00:28.170, 111600, 1184
2026/09/26 15:00:28.270, 111600, 1186
2026/09/26 15:00:28.370, 111600, 1186
2026/09/26 15:00:28.471, 111600, 1186
2026/09/26 15:00:28.571, 111600, 1186
2026/09/26 15:00:28.672, 111600, 1186
2026/09/26 15:00:28.772, 111600, 1186
2026/09/26 15:00:28.872, 111600, 1186
2026/09/26 15:00:28.973, 111600, 1186
2026/09/26 15:00:29.073, 111600, 1186
2026/09/26 15:00:29.174, 111600, 1186
2026/09/26 15:00:29.274, 111600, 1186
2026/09/26 15:00:29.375, 111600, 1186
2026/09/26 15:00:29.475, 111600, 1186
2026/09/26 15:00:29.575, 111600, 1186
2026/09/26 15:00:29.676, 111600, 1186
2026/09/26 15:00:29.776, 111600, 1186
2026/09/26 15:00:29.877, 111600, 1186
2026/09/26 15:00:29.977, 111600, 1186
2026/09/26 15:00:30.078, 111600, 1186
2026/09/26 15:00:30.178, 111600, 1186
2026/09/26 15:00:30.278, 111600, 1186
2026/09/26 15:00:30.379, 111600, 1186
2026/09/26 15:00:30.479, 111600, 1186
2026/09/26 15:00:30.580, 111600, 1186
2026/09/26 15:00:30.680, 111600, 1186
2026/09/26 15:00:30.781, 111600, 1186
2026/09/26 15:00:30.882, 111600, 1186
2026/09/26 15:00:30.982, 111600, 1186
2026/09/26 15:00:31.083, 111600, 1186
2026/09/26 15:00:31.183, 111600, 1186
2026/09/26 15:00:31.283, 111600, 1186
2026/09/26 15:00:31.384, 111600, 1186
2026/09/26 15:00:31.484, 111600, 1186
2026/09/26 15:00:31.585, 111600, 1186
2026/09/26 15:00:31.686, 111600, 1186
2026/09/26 15:00:31.787, 111600, 1186
2026/09/26 15:00:31.887, 111600, 1186
2026/09/26 15:00:31.988, 111600, 1186
2026/09/26 15:00:32.089, 111600, 1186
2026/09/26 15:00:32.189, 111600, 1186
2026/09/26 15:00:32.289, 111600, 1186
2026/09/26 15:00:32.390, 111600, 1186
2026/09/26 15:00:32.490, 111600, 1186
2026/09/26 15:00:32.591, 111600, 1186
2026/09/26 15:00:32.691, 111600, 1186
2026/09/26 15:00:32.792, 111600, 1186
2026/09/26 15:00:32.892, 111600, 1186
2026/09/26 15:00:32.993, 111600, 1186
2026/09/26 15:00:33.093, 111600, 1186
2026/09/26 15:00:33.193, 111600, 1186
2026/09/26 15:00:33.294, 111600, 1186
2026/09/26 15:00:33.394, 111600, 1186
2026/09/26 15:00:33.495, 111600, 1186
2026/09/26 15:00:33.595, 111600, 1186
2026/09/26 15:00:33.695, 111600, 1186
2026/09/26 15:00:33.796, 111600, 1186
2026/09/26 15:00:33.896, 111600, 1186
2026/09/26 15:00:33.997, 111600, 1186
2026/09/26 15:00:34.097, 111600, 1186
2026/09/26 15:00:34.198, 111600, 1186
2026/09/26 15:00:34.298, 111600, 1186
2026/09/26 15:00:34.399, 111600, 1186
2026/09/26 15:00:34.499, 111600, 1186
2026/09/26 15:00:34.599, 111600, 1186
2026/09/26 15:00:34.700, 111600, 1186
2026/09/26 15:00:34.800, 111600, 1186
2026/09/26 15:00:34.901, 111600, 1186
2026/09/26 15:00:35.001, 111600, 1186
2026/09/26 15:00:35.101, 111600, 1186
2026/09/26 15:00:35.202, 111600, 1186
2026/09/26 15:00:35.302, 111600, 1186
2026/09/26 15:00:35.403, 111600, 1186
2026/09/26 15:00:35.503, 111600, 1186
2026/09/26 15:00:35.603, 111600, 1186
2026/09/26 15:00:35.704, 111600, 1186
2026/09/26 15:00:35.804, 111600, 1186
2026/09/26 15:00:35.905, 111600, 1186
2026/09/26 15:00:36.005, 111600, 1186
2026/09/26 15:00:36.106, 111600, 1186
2026/09/26 15:00:36.206, 111600, 1186
2026/09/26 15:00:36.306, 111600, 1186
2026/09/26 15:00:36.407, 111600, 1186
2026/09/26 15:00:36.507, 111600, 1186
2026/09/26 15:00:36.608, 111600, 1186
2026/09/26 15:00:36.708, 111600, 1186
2026/09/26 15:00:36.809, 111600, 1186
2026/09/26 15:00:36.909, 111600, 1186
2026/09/26 15:00:37.010, 111600, 1186
2026/09/26 15:00:37.110, 111600, 1186
2026/09/26 15:00:37.210, 111600, 1186
2026/09/26 15:00:37.311, 111600, 1186
2026/09/26 15:00:37.411, 111600, 1186
2026/09/26 15:00:37.512, 111600, 1186
2026/09/26 15:00:37.612, 111600, 1186
2026/09/26 15:00:37.712, 111600, 1186
2026/09/26 15:00:37.813, 111600, 1186
2026/09/26 15:00:37.913, 111600, 1186
2026/09/26 15:00:38.014, 111600, 1186
2026/09/26 15:00:38.114, 111600, 1186
2026/09/26 15:00:38.215, 111600, 1186
2026/09/26 15:00:38.315, 111600, 1186
2026/09/26 15:00:38.415, 111600, 1186
2026/09/26 15:00:38.516, 111600, 1186
2026/09/26 15:00:38.616, 111600, 1186
2026/09/26 15:00:38.717, 111600, 1186
2026/09/26 15:00:38.817, 111600, 1186
2026/09/26 15:00:38.917, 111600, 1186
2026/09/26 15:00:39.018, 111600, 1186
2026/09/26 15:00:39.118, 111600, 1186
2026/09/26 15:00:39.219, 111600, 1186
2026/09/26 15:00:39.319, 111600, 1186
2026/09/26 15:00:39.419, 111600, 1186
2026/09/26 15:00:39.520, 111600, 1186
2026/09/26 15:00:39.620, 111600, 1186
2026/09/26 15:00:39.721, 111600, 1186
2026/09/26 15:00:39.821, 111600, 1186
2026/09/26 15:00:39.922, 111600, 1186
2026/09/26 15:00:40.022, 111600, 1186
2026/09/26 15:00:40.122, 111600, 1186
2026/09/26 15:00:40.223, 111600, 1186
2026/09/26 15:00:40.323, 111600, 1186
2026/09/26 15:00:40.424, 111600, 1186
2026/09/26 15:00:40.524, 111600, 1186
2026/09/26 15:00:40.624, 111600, 1186
2026/09/26 15:00:40.725, 111600, 1186
2026/09/26 15:00:40.825, 111600, 1186
2026/09/26 15:00:40.926, 111600, 1186
2026/09/26 15:00:41.026, 111600, 1186
2026/09/26 15:00:41.126, 111600, 1186
2026/09/26 15:00:41.227, 111600, 1186
2026/09/26 15:00:41.327, 111600, 1186
2026/09/26 15:00:41.428, 111600, 1186
2026/09/26 15:00:41.528, 111600, 1186
2026/09/26 15:00:41.629, 111600, 1186
2026/09/26 15:00:41.729, 111600, 1186
2026/09/26 15:00:41.830, 111600, 1186
2026/09/26 15:00:41.930, 111600, 1186
2026/09/26 15:00:42.030, 111600, 1186
2026/09/26 15:00:42.131, 111600, 1186
2026/09/26 15:00:42.231, 111600, 1186
2026/09/26 15:00:42.332, 111600, 1186
2026/09/26 15:00:42.432, 111600, 1186
2026/09/26 15:00:42.533, 111600, 1186
2026/09/26 15:00:42.633, 111600, 1186
2026/09/26 15:00:42.733, 111600, 1186
2026/09/26 15:00:42.834, 111600, 1186
2026/09/26 15:00:42.934, 111600, 1186
2026/09/26 15:00:43.035, 111600, 1186
2026/09/26 15:00:43.135, 111600, 1186
2026/09/26 15:00:43.235, 111600, 1186
2026/09/26 15:00:43.336, 111600, 1186
2026/09/26 15:00:43.436, 111600, 1186
2026/09/26 15:00:43.537, 111600, 1186
2026/09/26 15:00:43.637, 111600, 1186
2026/09/26 15:00:43.738, 111600, 1186
2026/09/26 15:00:43.838, 111600, 1186
2026/09/26 15:00:43.938, 111600, 1186
2026/09/26 15:00:44.039, 111600, 1186
2026/09/26 15:00:44.139, 111600, 1186
2026/09/26 15:00:44.240, 111600, 1186
2026/09/26 15:00:44.340, 111600, 1186
2026/09/26 15:00:44.441, 111600, 1186
2026/09/26 15:00:44.541, 111600, 1186
2026/09/26 15:00:44.641, 111600, 1186
2026/09/26 15:00:44.742, 111600, 1186
2026/09/26 15:00:44.842, 111600, 1186
2026/09/26 15:00:44.943, 111600, 1186
2026/09/26 15:00:45.043, 111600, 1186
2026/09/26 15:00:45.143, 111600, 1186
2026/09/26 15:00:45.244, 111600, 1186
2026/09/26 15:00:45.344, 111600, 1186
2026/09/26 15:00:45.445, 111600, 1186
2026/09/26 15:00:45.545, 111600, 1186
2026/09/26 15:00:45.645, 111600, 1186
2026/09/26 15:00:45.746, 111600, 1186
2026/09/26 15:00:45.846, 111600, 1186
2026/09/26 15:00:45.947, 111600, 1186
2026/09/26 15:00:46.047, 111600, 1186
2026/09/26 15:00:46.147, 111600, 1186
2026/09/26 15:00:46.248, 111600, 1186
2026/09/26 15:00:46.348, 111600, 1186
2026/09/26 15:00:46.449, 111600, 1186
2026/09/26 15:00:46.549, 111600, 1186
2026/09/26 15:00:46.650, 111600, 1186
2026/09/26 15:00:46.750, 111600, 1186
2026/09/26 15:00:46.850, 111600, 1186
2026/09/26 15:00:46.951, 111600, 1186
2026/09/26 15:00:47.051, 111600, 1186
2026/09/26 15:00:47.152, 111600, 1186
2026/09/26 15:00:47.252, 111600, 1186
2026/09/26 15:00:47.353, 111600, 1186
2026/09/26 15:00:47.453, 111600, 1186
2026/09/26 15:00:47.553, 111600, 1186
2026/09/26 15:00:47.654, 111600, 1186
2026/09/26 15:00:47.754, 111600, 1186
2026/09/26 15:00:47.855, 111600, 1186
2026/09/26 15:00:47.955, 111600, 1186
2026/09/26 15:00:48.055, 111600, 1186
2026/09/26 15:00:48.156, 111600, 1186
2026/09/26 15:00:48.256, 111600, 1186
2026/09/26 15:00:48.357, 111600, 1186
2026/09/26 15:00:48.457, 111600, 1186
2026/09/26 15:00:48.557, 111600, 1186
2026/09/26 15:00:48.658, 111600, 1186
2026/09/26 15:00:48.758, 111600, 1186
2026/09/26 15:00:48.859, 111600, 1186
2026/09/26 15:00:48.959, 111600, 1186
2026/09/26 15:00:49.060, 111600, 1186
2026/09/26 15:00:49.160, 111600, 1186
2026/09/26 15:00:49.261, 111600, 1186
2026/09/26 15:00:49.361, 111600, 1186
2026/09/26 15:00:49.461, 111600, 1186
2026/09/26 15:00:49.562, 111600, 1186
2026/09/26 15:00:49.662, 111600, 1186
2026/09/26 15:00:49.763, 111600, 1186
2026/09/26 15:00:49.863, 111600, 1186
2026/09/26 15:00:49.963, 111600, 1186
2026/09/26 15:00:50.064, 111600, 1186
2026/09/26 15:00:50.164, 111600, 1186
2026/09/26 15:00:50.265, 111600, 1186
2026/09/26 15:00:50.365, 111600, 1186
2026/09/26 15:00:50.466, 111600, 1186
2026/09/26 15:00:50.566, 111600, 1186
2026/09/26 15:00:50.666, 111600, 1186
2026/09/26 15:00:50.767, 111600, 1186
2026/09/26 15:00:50.867, 111600, 1186
2026/09/26 15:00:50.968, 111600, 1186
2026/09/26 15:00:51.068, 111600, 1186
2026/09/26 15:00:51.168, 111600, 1186
2026/09/26 15:00:51.269, 111600, 1186
2026/09/26 15:00:51.369, 111600, 1186
2026/09/26 15:00:51.470, 111600, 1186
2026/09/26 15:00:51.570, 111600, 1186
2026/09/26 15:00:51.671, 111600, 1186
2026/09/26 15:00:51.771, 111600, 1186
2026/09/26 15:00:51.871, 111600, 1186
2026/09/26 15:00:51.972, 111600, 1186
2026/09/26 15:00:52.072, 111600, 1186
2026/09/26 15:00:52.173, 111600, 1186
2026/09/26 15:00:52.273, 111600, 1186
2026/09/26 15:00:52.373, 111600, 1186
2026/09/26 15:00:52.474, 111600, 1186
2026/09/26 15:00:52.574, 111600, 1186
2026/09/26 15:00:52.675, 111600, 1186
2026/09/26 15:00:52.775, 111600, 1186
2026/09/26 15:00:52.876, 111600, 1186
2026/09/26 15:00:52.976, 111600, 1186
2026/09/26 15:00:53.076, 111600, 1186
2026/09/26 15:00:53.177, 111600, 1186
2026/09/26 15:00:53.277, 111600, 1186
2026/09/26 15:00:53.378, 111600, 1186
2026/09/26 15:00:53.478, 111600, 1186
2026/09/26 15:00:53.578, 111600, 1186
2026/09/26 15:00:53.679, 111600, 1186
2026/09/26 15:00:53.779, 111600, 1186
2026/09/26 15:00:53.880, 111600, 1186
2026/09/26 15:00:53.980, 111600, 1186
2026/09/26 15:00:54.081, 111600, 1186
2026/09/26 15:00:54.181, 111600, 1186
2026/09/26 15:00:54.281, 111600, 1186
2026/09/26 15:00:54.382, 111600, 1186
2026/09/26 15:00:54.482, 111600, 1186
2026/09/26 15:00:54.583, 111600, 1186
2026/09/26 15:00:54.683, 111600, 1186
2026/09/26 15:00:54.784, 111600, 1186
2026/09/26 15:00:54.884, 111600, 1186
2026/09/26 15:00:54.984, 111600, 1186
2026/09/26 15:00:55.085, 111600, 1186
2026/09/26 15:00:55.185, 111600, 1186
2026/09/26 15:00:55.286, 111600, 1186
2026/09/26 15:00:55.386, 111600, 1186
2026/09/26 15:00:55.486, 111600, 1186
2026/09/26 15:00:55.587, 111600, 1186
2026/09/26 15:00:55.687, 111600, 1186
2026/09/26 15:00:55.788, 111600, 1186
2026/09/26 15:00:55.888, 111600, 1186
2026/09/26 15:00:55.988, 111600, 1186
2026/09/26 15:00:56.089, 111600, 1186
2026/09/26 15:00:56.189, 111600, 1186
2026/09/26 15:00:56.290, 111600, 1186
2026/09/26 15:00:56.390, 111600, 1186
2026/09/26 15:00:56.491, 111600, 1186
2026/09/26 15:00:56.591, 111600, 1186
2026/09/26 15:00:56.692, 111600, 1186
2026/09/26 15:00:56.792, 111600, 1186
2026/09/26 15:00:56.893, 111600, 1186
2026/09/26 15:00:56.993, 111600, 1186
2026/09/26 15:00:57.094, 111600, 1186
2026/09/26 15:00:57.194, 111600, 1186
2026/09/26 15:00:57.295, 111600, 1186
2026/09/26 15:00:57.395, 111600, 1186
2026/09/26 15:00:57.496, 111600, 1186
2026/09/26 15:00:57.596, 111600, 1186
2026/09/26 15:00:57.697, 111600, 1186
2026/09/26 15:00:57.797, 111600, 1186
2026/09/26 15:00:57.898, 111600, 1186
2026/09/26 15:00:57.998, 111600, 1186
2026/09/26 15:00:58.099, 111600, 1186
2026/09/26 15:00:58.199, 111600, 1186
2026/09/26 15:00:58.299, 111600, 1186
2026/09/26 15:00:58.400, 111600, 1186
2026/09/26 15:00:58.500, 111600, 1186
2026/09/26 15:00:58.601, 111600, 1186
2026/09/26 15:00:58.701, 111600, 1186
2026/09/26 15:00:58.802, 111600, 1186
2026/09/26 15:00:58.902, 111600, 1186
2026/09/26 15:00:59.003, 111600, 1186
